<ValueSet xmlns="http://hl7.org/fhir">
  <id value="doc-typecodes"/> 
  <meta> 
    <lastUpdated value="2019-11-01T09:29:23.356+11:00"/> 
    <profile value="http://hl7.org/fhir/StructureDefinition/shareablevalueset"/> 
  </meta> 
  <text> 
    <status value="generated"/> 
    <div xmlns="http://www.w3.org/1999/xhtml">
      <h2> FHIR Document Type Codes</h2> 
      <div> 
        <p> FHIR Document Codes - all LOINC codes where scale type = 'DOC'.</p> 

      </div> 
      <p> 
        <b> Copyright Statement:</b> 
      </p> 
      <div> 
        <p> This content from LOINCÂ® is copyright Â© 1995 Regenstrief Institute, Inc. and the LOINC
           Committee, and available at no cost under the license at http://loinc.org/terms-of-use.</p> 

      </div> 
      <p> This value set includes codes from the following code systems:</p> 
      <ul> 
        <li> Include codes from 
          <a href="http://loinc.org">
            <code> http://loinc.org</code> 
          </a>  where SCALE_TYP  =  Doc
        </li> 
      </ul> 
    </div> 
  </text> 
  <extension url="http://hl7.org/fhir/StructureDefinition/structuredefinition-wg">
    <valueCode value="sd"/> 
  </extension> 
  <url value="http://hl7.org/fhir/ValueSet/doc-typecodes"/> 
  <identifier> 
    <system value="urn:ietf:rfc:3986"/> 
    <value value="urn:oid:2.16.840.1.113883.4.642.3.240"/> 
  </identifier> 
  <version value="4.0.1"/> 
  <name value="FHIRDocumentTypeCodes"/> 
  <title value="FHIR Document Type Codes"/> 
  <status value="draft"/> 
  <experimental value="false"/> 
  <date value="2019-11-01T09:29:23+11:00"/> 
  <publisher value="HL7"/> 
  <contact> 
    <telecom> 
      <system value="url"/> 
      <value value="http://hl7.org"/> 
    </telecom> 
  </contact> 
  <description value="FHIR Document Codes - all LOINC codes where scale type = 'DOC'."/> 
  <copyright value="This content from LOINCÂ® is copyright Â© 1995 Regenstrief Institute, Inc. and the LOINC
   Committee, and available at no cost under the license at http://loinc.org/terms-of-use."/> 
  <compose> 
    <include> 
      <system value="http://loinc.org"/> 
      <filter> 
        <property value="SCALE_TYP"/> 
        <op value="="/> 
        <value value="Doc"/> 
      </filter> 
    </include> 
  </compose> 
</ValueSet>