<ValueSet xmlns="http://hl7.org/fhir">
  <url value="https://fhir.kbv.de/ValueSet/KBV_VS_MIO_Vaccination_Vaccine_Immunoglobulin_List_ATC" />
  <version value="1.1.0" />
  <name value="KBV_VS_MIO_Vaccination_Vaccine_Immunoglobulin_List_ATC" />
  <title value="Immunglobulin ATC" />
  <status value="active" />
  <experimental value="false" />
  <publisher value="Kassenärztliche Bundesvereinigung (KBV)" />
  <contact>
    <telecom>
      <system value="url" />
      <value value="http://www.kbv.de" />
    </telecom>
  </contact>
  <description value="Dieses Valueset beinhaltet Codes zur Beschreibung der Impfstoffe als ATC Code." />
  <immutable value="false" />
  <copyright value="Im folgenden Profil können Codes aus den Codesystemen Snomed, Loinc oder Ucum enthalten sein, die dem folgenden Urheberrecht unterliegen: This material includes SNOMED Clinical Terms® (SNOMED CT®) which is used by permission of SNOMED International. All rights reserved. SNOMED CT®, was originally created by The College of American Pathologists. SNOMED and SNOMED CT are registered trademarks of SNOMED International. Implementers of these artefacts must have the appropriate SNOMED CT Affiliate license. This material contains content from LOINC (http://loinc.org). LOINC is copyright © 1995-2020, Regenstrief Institute, Inc. and the Logical Observation Identifiers Names and Codes (LOINC) Committee and is available at no cost under the license at http://loinc.org/license. LOINC® is a registered United States trademark of Regenstrief Institute, Inc. This product includes all or a portion of the UCUM table, UCUM codes, and UCUM definitions or is derived from it, subject to a license from Regenstrief Institute, Inc. and The UCUM Organization. Your use of the UCUM table, UCUM codes, UCUM definitions also is subject to this license, a copy of which is available at â€‹http://unitsofmeasure.org. The current complete UCUM table, UCUM Specification are available for download at http://unitsofmeasure.org. The UCUM table and UCUM codes are copyright © 1995-2009, Regenstrief Institute, Inc. and the Unified Codes for Units of Measures (UCUM) Organization. All rights reserved. THE UCUM TABLE (IN ALL FORMATS), UCUM DEFINITIONS, AND SPECIFICATION ARE PROVIDED &quot;AS IS.&quot; ANY EXPRESS OR IMPLIED WARRANTIES ARE DISCLAIMED, INCLUDING, BUT NOT LIMITED TO, THE IMPLIED WARRANTIES OF MERCHANTABILITY AND FITNESS FOR A PARTICULAR PURPOSE." />
  <compose>
    <include>
      <system value="http://fhir.de/CodeSystem/dimdi/atc" />
      <version value="atcgm2021" />
      <concept>
        <code value="J06BA" />
        <display value="Immunglobuline, normal human" />
      </concept>
      <concept>
        <code value="J06BA01" />
        <display value="Immunglobuline, normal human, zur extravasalen Anwendung" />
      </concept>
      <concept>
        <code value="J06BA02" />
        <display value="Immunglobuline, normal human, zur intravasalen Anwendung" />
      </concept>
      <concept>
        <code value="J06BB" />
        <display value="Spezifische Immunglobuline" />
      </concept>
      <concept>
        <code value="J06BB01" />
        <display value="Anti-D(rh)-Immunglobulin" />
      </concept>
      <concept>
        <code value="J06BB02" />
        <display value="Tetanus-Immunglobulin" />
      </concept>
      <concept>
        <code value="J06BB03" />
        <display value="Varicella/Zoster-Immunglobulin" />
      </concept>
      <concept>
        <code value="J06BB04" />
        <display value="Hepatitis-B-Immunglobulin" />
      </concept>
      <concept>
        <code value="J06BB05" />
        <display value="Tollwut-Immunglobulin" />
      </concept>
      <concept>
        <code value="J06BB09" />
        <display value="Cytomegalievirus-Immunglobulin" />
      </concept>
      <concept>
        <code value="J06BB16" />
        <display value="Palivizumab" />
      </concept>
      <concept>
        <code value="J06BB21" />
        <display value="Bezlotoxumab" />
      </concept>
    </include>
  </compose>
</ValueSet>