<ValueSet xmlns="http://hl7.org/fhir">
  <url value="https://fhir.kbv.de/ValueSet/KBV_VS_MIO_Vaccination_Entry_Type" />
  <version value="1.1.0" />
  <name value="KBV_VS_MIO_Vaccination_Entry_Type" />
  <status value="active" />
  <experimental value="false" />
  <publisher value="Kassenärztliche Bundesvereinigung (KBV)" />
  <contact>
    <telecom>
      <system value="url" />
      <value value="http://www.kbv.de" />
    </telecom>
  </contact>
  <description value="Dieses Valueset enthält alle Codes aus dem CodeSystem https://fhir.kbv.de/CodeSystem/KBV_CS_MIO_Vaccination_Entry_Type." />
  <immutable value="false" />
  <compose>
    <include>
      <system value="https://fhir.kbv.de/CodeSystem/KBV_CS_MIO_Vaccination_Technical_Entry_Type" />
    </include>
  </compose>
</ValueSet>