<ValueSet xmlns="http://hl7.org/fhir">
  <url value="https://fhir.kbv.de/ValueSet/KBV_VS_MIO_Vaccination_Lab_ImmuneReaction_Test_Presence_Snomed" />
  <version value="1.1.0" />
  <name value="KBV_VS_MIO_Vaccination_Lab_ImmuneReaction_Test_Presence_Snomed" />
  <title value="Art der Immunreaktion SCT2" />
  <status value="active" />
  <experimental value="false" />
  <publisher value="Kassenärztliche Bundesvereinigung (KBV)" />
  <contact>
    <telecom>
      <system value="url" />
      <value value="http://www.kbv.de" />
    </telecom>
  </contact>
  <description value="Dieses Valueset beinhaltet Codes zur Beschreibung der Art der Immunreaktion als SNOMED CT® Code." />
  <immutable value="false" />
  <copyright value="Im folgenden Profil können Codes aus den Codesystemen Snomed, Loinc oder Ucum enthalten sein, die dem folgenden Urheberrecht unterliegen: This material includes SNOMED Clinical Terms® (SNOMED CT®) which is used by permission of SNOMED International. All rights reserved. SNOMED CT®, was originally created by The College of American Pathologists. SNOMED and SNOMED CT are registered trademarks of SNOMED International. Implementers of these artefacts must have the appropriate SNOMED CT Affiliate license. This material contains content from LOINC (http://loinc.org). LOINC is copyright © 1995-2020, Regenstrief Institute, Inc. and the Logical Observation Identifiers Names and Codes (LOINC) Committee and is available at no cost under the license at http://loinc.org/license. LOINC® is a registered United States trademark of Regenstrief Institute, Inc. This product includes all or a portion of the UCUM table, UCUM codes, and UCUM definitions or is derived from it, subject to a license from Regenstrief Institute, Inc. and The UCUM Organization. Your use of the UCUM table, UCUM codes, UCUM definitions also is subject to this license, a copy of which is available at â€‹http://unitsofmeasure.org. The current complete UCUM table, UCUM Specification are available for download at http://unitsofmeasure.org. The UCUM table and UCUM codes are copyright © 1995-2009, Regenstrief Institute, Inc. and the Unified Codes for Units of Measures (UCUM) Organization. All rights reserved. THE UCUM TABLE (IN ALL FORMATS), UCUM DEFINITIONS, AND SPECIFICATION ARE PROVIDED &quot;AS IS.&quot; ANY EXPRESS OR IMPLIED WARRANTIES ARE DISCLAIMED, INCLUDING, BUT NOT LIMITED TO, THE IMPLIED WARRANTIES OF MERCHANTABILITY AND FITNESS FOR A PARTICULAR PURPOSE." />
  <compose>
    <include>
      <system value="http://snomed.info/sct" />
      <version value="http://snomed.info/sct/900000000000207008/version/20210131" />
      <concept>
        <code value="363787002:246093002=259858000,370134009=123029007,370132008=117363000,704319004=50863008,370130000=705057003,704327008=119364003" />
        <display value="Observable entity (observable entity) : Component (attribute) = Varicella-zoster virus antibody (substance) , Time aspect (attribute) = Single point in time (qualifier value) , Scale type (attribute) = Ordinal value (qualifier value) , Inheres in (attribute) = Plasma (substance) , Property (attribute) = Presence (property) (qualifier value) , Direct site (attribute) = Serum specimen (specimen)" />
      </concept>
      <concept>
        <code value="363787002:370134009=123029007,246093002=259833005,370132008=117363000,704319004=50863008,370130000=705057003,704327008=119364003" />
        <display value="Observable entity (observable entity):Time aspect (attribute)=Single point in time (qualifier value),Component (attribute)=Clostridium tetani toxoid antibody (substance),Scale type (attribute)=Ordinal value (qualifier value),Inheres in (attribute)=Plasma (substance),Property (attribute)=Presence (property) (qualifier value),Direct site (attribute)=Serum specimen (specimen)" />
      </concept>
      <concept>
        <code value="363787002:370134009=123029007,246093002=120856009,370132008=117363000,704319004=50863008,370130000=705057003,704327008=119364003" />
        <display value="Observable entity (observable entity):Time aspect (attribute)=Single point in time (qualifier value),Component (attribute)=Human poliovirus 1 antibody (substance),Scale type (attribute)=Ordinal value (qualifier value),Inheres in (attribute)=Plasma (substance),Property (attribute)=Presence (property) (qualifier value),Direct site (attribute)=Serum specimen (specimen)" />
      </concept>
      <concept>
        <code value="363787002:246093002=120662001,370134009=123029007,370132008=117363000,704319004=50863008,370130000=705057003,704327008=119364003" />
        <display value="Observable entity (observable entity):Component (attribute)=Bordetella pertussis antibody (substance),Time aspect (attribute)=Single point in time (qualifier value),Scale type (attribute)=Ordinal value (qualifier value),Inheres in (attribute)=Plasma (substance),Property (attribute)=Presence (property) (qualifier value),Direct site (attribute)=Serum specimen (specimen)" />
      </concept>
      <concept>
        <code value="363787002:246093002=120721000,370134009=123029007,370132008=117363000,704319004=50863008,370130000=705057003,704327008=119364003" />
        <display value="Observable entity (observable entity):Component (attribute)=Mumps virus antibody (substance),Time aspect (attribute)=Single point in time (qualifier value),Scale type (attribute)=Ordinal value (qualifier value),Inheres in (attribute)=Plasma (substance),Property (attribute)=Presence (property) (qualifier value),Direct site (attribute)=Serum specimen (specimen)" />
      </concept>
      <concept>
        <code value="363787002:370134009=123029007,246093002=120871008,370132008=117363000,704319004=50863008,370130000=705057003,704327008=119364003" />
        <display value="Observable entity (observable entity):Time aspect (attribute)=Single point in time (qualifier value),Component (attribute)=Neisseria meningitidis antibody (substance),Scale type (attribute)=Ordinal value (qualifier value),Inheres in (attribute)=Plasma (substance),Property (attribute)=Presence (property) (qualifier value),Direct site (attribute)=Serum specimen (specimen)" />
      </concept>
      <concept>
        <code value="363787002:370134009=123029007,246093002=120969007,370132008=117363000,704319004=50863008,370130000=705057003,704327008=119364003" />
        <display value="Observable entity (observable entity):Time aspect (attribute)=Single point in time (qualifier value),Component (attribute)=Measles virus antibody (substance),Scale type (attribute)=Ordinal value (qualifier value),Inheres in (attribute)=Plasma (substance),Property (attribute)=Presence (property) (qualifier value),Direct site (attribute)=Serum specimen (specimen)" />
      </concept>
      <concept>
        <code value="363787002:246093002=120886002,370134009=123029007,370132008=117363000,704319004=50863008,370130000=705057003,704327008=119364003" />
        <display value="Observable entity (observable entity): Component (attribute) = Haemophilus influenzae type B antibody (substance) , Time aspect (attribute) = Single point in time (qualifier value) , Scale type (attribute) = Ordinal value (qualifier value) , Inheres in (attribute) = Plasma (substance) , Property (attribute) = Presence (property) (qualifier value) , Direct site (attribute) = Serum specimen (specimen)" />
      </concept>
      <concept>
        <code value="363787002:370134009=123029007,246093002=122450004,370132008=117363000,704319004=50863008,370130000=705057003,704327008=119364003" />
        <display value="Observable entity (observable entity) : Time aspect (attribute) = Single point in time (qualifier value) , Component (attribute) = Antibody to hepatitis B virus (substance) , Scale type (attribute) = Ordinal value (qualifier value) , Inheres in (attribute) = Plasma (substance) , Property (attribute) = Presence (property) (qualifier value) , Direct site (attribute) = Serum specimen (specimen)" />
      </concept>
      <concept>
        <code value="363787002:370134009=123029007,246093002=32609007,370132008=117363000,704319004=50863008,370130000=705057003,704327008=119364003" />
        <display value="Observable entity (observable entity):Time aspect (attribute)=Single point in time (qualifier value),Component (attribute)=Antibody to hepatitis A virus (substance),Scale type (attribute)=Ordinal value (qualifier value),Inheres in (attribute)=Plasma (substance),Property (attribute)=Presence (property) (qualifier value),Direct site (attribute)=Serum specimen (specimen)" />
      </concept>
      <concept>
        <code value="363787002:370134009=123029007,370132008=117363000,704319004=50863008,246093002=259834004,370130000=705057003,704327008=119364003" />
        <display value="Observable entity (observable entity):Time aspect (attribute)=Single point in time (qualifier value),Scale type (attribute)=Ordinal value (qualifier value),Inheres in (attribute)=Plasma (substance),Component (attribute)=Corynebacterium diphtheriae toxoid antibody (substance),Property (attribute)=Presence (property) (qualifier value),Direct site (attribute)=Serum specimen (specimen)" />
      </concept>
      <concept>
        <code value="363787002:246093002=120737006,370134009=123029007,370132008=117363000,704319004=50863008,370130000=705057003,704327008=119364003" />
        <display value="Observable entity (observable entity):Component (attribute)=Rubella virus antibody (substance),Time aspect (attribute)=Single point in time (qualifier value),Scale type (attribute)=Ordinal value (qualifier value),Inheres in (attribute)=Plasma (substance),Property (attribute)=Presence (property) (qualifier value),Direct site (attribute)=Serum specimen (specimen)" />
      </concept>
      <concept>
        <code value="363787002:370134009=123029007,246093002=120850003,370132008=117363000,704319004=50863008,370130000=705057003,704327008=119364003" />
        <display value="Observable entity (observable entity) : Time aspect (attribute) = Single point in time (qualifier value) , Component (attribute) = Rabies virus antibody (substance) , Scale type (attribute) = Ordinal value (qualifier value) , Inheres in (attribute) = Plasma (substance) , Property (attribute) = Presence (property) (qualifier value) , Direct site (attribute) = Serum specimen (specimen)" />
      </concept>
    </include>
  </compose>
</ValueSet>