<ValueSet xmlns="http://hl7.org/fhir">
  <url value="https://fhir.kbv.de/ValueSet/KBV_VS_MIO_Vaccination_Prior_Disease_ICD" />
  <version value="1.1.0" />
  <name value="KBV_VS_MIO_Vaccination_Prior_Disease_ICD" />
  <title value="VaccinationrelevantDisease_ICD" />
  <status value="active" />
  <experimental value="false" />
  <publisher value="Kassenärztliche Bundesvereinigung (KBV)" />
  <contact>
    <telecom>
      <system value="url" />
      <value value="http://www.kbv.de" />
    </telecom>
  </contact>
  <description value="Dieses ValueSet enthält die Codes zur Beschreibung der vorhergegangenen Krankheiten, die zur Immunisierung geführt haben im Codesystem ICD 10 GM." />
  <immutable value="false" />
  <copyright value="Im folgenden Profil können Codes aus den Codesystemen Snomed, Loinc oder Ucum enthalten sein, die dem folgenden Urheberrecht unterliegen: This material includes SNOMED Clinical Terms® (SNOMED CT®) which is used by permission of SNOMED International. All rights reserved. SNOMED CT®, was originally created by The College of American Pathologists. SNOMED and SNOMED CT are registered trademarks of SNOMED International. Implementers of these artefacts must have the appropriate SNOMED CT Affiliate license. This material contains content from LOINC (http://loinc.org). LOINC is copyright © 1995-2020, Regenstrief Institute, Inc. and the Logical Observation Identifiers Names and Codes (LOINC) Committee and is available at no cost under the license at http://loinc.org/license. LOINC® is a registered United States trademark of Regenstrief Institute, Inc. This product includes all or a portion of the UCUM table, UCUM codes, and UCUM definitions or is derived from it, subject to a license from Regenstrief Institute, Inc. and The UCUM Organization. Your use of the UCUM table, UCUM codes, UCUM definitions also is subject to this license, a copy of which is available at â€‹http://unitsofmeasure.org. The current complete UCUM table, UCUM Specification are available for download at http://unitsofmeasure.org. The UCUM table and UCUM codes are copyright © 1995-2009, Regenstrief Institute, Inc. and the Unified Codes for Units of Measures (UCUM) Organization. All rights reserved. THE UCUM TABLE (IN ALL FORMATS), UCUM DEFINITIONS, AND SPECIFICATION ARE PROVIDED &quot;AS IS.&quot; ANY EXPRESS OR IMPLIED WARRANTIES ARE DISCLAIMED, INCLUDING, BUT NOT LIMITED TO, THE IMPLIED WARRANTIES OF MERCHANTABILITY AND FITNESS FOR A PARTICULAR PURPOSE." />
  <compose>
    <include>
      <system value="http://fhir.de/CodeSystem/dimdi/icd-10-gm" />
      <version value="2021" />
      <concept>
        <code value="B26.-" />
        <display value="Mumps" />
      </concept>
      <concept>
        <code value="B05.-" />
        <display value="Masern" />
      </concept>
      <concept>
        <code value="B01.-" />
        <display value="Varizellen [Windpocken]" />
      </concept>
      <concept>
        <code value="B06.-" />
        <display value="Röteln [Rubeola] [Rubella]" />
      </concept>
      <concept>
        <code value="B15.-" />
        <display value="Akute Virushepatitis A" />
      </concept>
      <concept>
        <code value="B16.-" />
        <display value="Akute Virushepatitis B" />
      </concept>
      <concept>
        <code value="B18.0" />
        <display value="Chronische Virushepatitis B mit Delta-Virus" />
      </concept>
      <concept>
        <code value="B18.1-" />
        <display value="Chronische Virushepatitis B ohne Delta-Virus" />
      </concept>
      <concept>
        <code value="A84.1" />
        <display value="Mitteleuropäische Enzephalitis, durch Zecken übertragen" />
      </concept>
      <concept>
        <code value="A95.-" />
        <display value="Gelbfieber" />
      </concept>
      <concept>
        <code value="A37.-" />
        <display value="Keuchhusten" />
      </concept>
    </include>
  </compose>
  <expansion>
    <timestamp value="2021-01-22T12:30:02Z" />
    <contains>
      <system value="http://fhir.de/CodeSystem/dimdi/icd-10-gm" />
      <version value="2021" />
      <code value="B26.-" />
      <display value="Mumps" />
    </contains>
    <contains>
      <system value="http://fhir.de/CodeSystem/dimdi/icd-10-gm" />
      <version value="2021" />
      <code value="B05.-" />
      <display value="Masern" />
    </contains>
    <contains>
      <system value="http://fhir.de/CodeSystem/dimdi/icd-10-gm" />
      <version value="2021" />
      <code value="B01.-" />
      <display value="Varizellen [Windpocken]" />
    </contains>
    <contains>
      <system value="http://fhir.de/CodeSystem/dimdi/icd-10-gm" />
      <version value="2021" />
      <code value="B06.-" />
      <display value="Röteln [Rubeola] [Rubella]" />
    </contains>
    <contains>
      <system value="http://fhir.de/CodeSystem/dimdi/icd-10-gm" />
      <version value="2021" />
      <code value="B15.-" />
      <display value="Akute Virushepatitis A" />
    </contains>
    <contains>
      <system value="http://fhir.de/CodeSystem/dimdi/icd-10-gm" />
      <version value="2021" />
      <code value="B16.-" />
      <display value="Akute Virushepatitis B" />
    </contains>
    <contains>
      <system value="http://fhir.de/CodeSystem/dimdi/icd-10-gm" />
      <version value="2021" />
      <code value="B18.0" />
      <display value="Chronische Virushepatitis B mit Delta-Virus" />
    </contains>
    <contains>
      <system value="http://fhir.de/CodeSystem/dimdi/icd-10-gm" />
      <version value="2021" />
      <code value="B18.1-" />
      <display value="Chronische Virushepatitis B ohne Delta-Virus" />
    </contains>
    <contains>
      <system value="http://fhir.de/CodeSystem/dimdi/icd-10-gm" />
      <version value="2021" />
      <code value="A84.1" />
      <display value="Mitteleuropäische Enzephalitis, durch Zecken übertragen" />
    </contains>
    <contains>
      <system value="http://fhir.de/CodeSystem/dimdi/icd-10-gm" />
      <version value="2021" />
      <code value="A95.-" />
      <display value="Gelbfieber" />
    </contains>
    <contains>
      <system value="http://fhir.de/CodeSystem/dimdi/icd-10-gm" />
      <version value="2021" />
      <code value="A37.-" />
      <display value="Keuchhusten" />
    </contains>
  </expansion>
</ValueSet>