<ValueSet xmlns="http://hl7.org/fhir">
  <url value="https://fhir.kbv.de/ValueSet/KBV_VS_MIO_Vaccination_TargetDisease" />
  <version value="1.1.0" />
  <name value="KBV_VS_MIO_Vaccination_TargetDisease" />
  <title value="TargetDisease" />
  <status value="active" />
  <experimental value="false" />
  <publisher value="Kassenärztliche Bundesvereinigung (KBV)" />
  <contact>
    <telecom>
      <system value="url" />
      <value value="http://www.kbv.de" />
    </telecom>
  </contact>
  <description value="Dieses Valueset enthält die SNOMED CT® Codes zur Beschreibung der Krankheiten gegen die geimpft wurde." />
  <immutable value="false" />
  <copyright value="Im folgenden Profil können Codes aus den Codesystemen Snomed, Loinc oder Ucum enthalten sein, die dem folgenden Urheberrecht unterliegen: This material includes SNOMED Clinical Terms® (SNOMED CT®) which is used by permission of SNOMED International. All rights reserved. SNOMED CT®, was originally created by The College of American Pathologists. SNOMED and SNOMED CT are registered trademarks of SNOMED International. Implementers of these artefacts must have the appropriate SNOMED CT Affiliate license. This material contains content from LOINC (http://loinc.org). LOINC is copyright © 1995-2020, Regenstrief Institute, Inc. and the Logical Observation Identifiers Names and Codes (LOINC) Committee and is available at no cost under the license at http://loinc.org/license. LOINC® is a registered United States trademark of Regenstrief Institute, Inc. This product includes all or a portion of the UCUM table, UCUM codes, and UCUM definitions or is derived from it, subject to a license from Regenstrief Institute, Inc. and The UCUM Organization. Your use of the UCUM table, UCUM codes, UCUM definitions also is subject to this license, a copy of which is available at â€‹http://unitsofmeasure.org. The current complete UCUM table, UCUM Specification are available for download at http://unitsofmeasure.org. The UCUM table and UCUM codes are copyright © 1995-2009, Regenstrief Institute, Inc. and the Unified Codes for Units of Measures (UCUM) Organization. All rights reserved. THE UCUM TABLE (IN ALL FORMATS), UCUM DEFINITIONS, AND SPECIFICATION ARE PROVIDED &quot;AS IS.&quot; ANY EXPRESS OR IMPLIED WARRANTIES ARE DISCLAIMED, INCLUDING, BUT NOT LIMITED TO, THE IMPLIED WARRANTIES OF MERCHANTABILITY AND FITNESS FOR A PARTICULAR PURPOSE." />
  <compose>
    <include>
      <system value="http://snomed.info/sct" />
      <version value="http://snomed.info/sct/900000000000207008/version/20210131" />
      <concept>
        <code value="840539006" />
        <display value="Disease caused by Severe acute respiratory syndrome coronavirus 2 (disorder)" />
      </concept>
      <concept>
        <code value="67924001" />
        <display value="Smallpox (disorder)" />
      </concept>
      <concept>
        <code value="240532009" />
        <display value="Human papillomavirus infection (disorder)" />
      </concept>
      <concept>
        <code value="16541001" />
        <display value="Yellow fever (disorder)" />
      </concept>
      <concept>
        <code value="4740000" />
        <display value="Herpes zoster (disorder)" />
      </concept>
      <concept>
        <code value="38907003" />
        <display value="Varicella (disorder)" />
      </concept>
      <concept>
        <code value="36653000" />
        <display value="Rubella (disorder)" />
      </concept>
      <concept>
        <code value="18624000" />
        <display value="Disease caused by Rotavirus (disorder)" />
      </concept>
      <concept>
        <code value="14168008" />
        <display value="Rabies (disorder)" />
      </concept>
      <concept>
        <code value="398102009" />
        <display value="Acute poliomyelitis (disorder)" />
      </concept>
      <concept>
        <code value="36989005" />
        <display value="Mumps (disorder)" />
      </concept>
      <concept>
        <code value="14189004" />
        <display value="Measles (disorder)" />
      </concept>
      <concept>
        <code value="40468003" />
        <display value="Viral hepatitis, type A (disorder)" />
      </concept>
      <concept>
        <code value="66071002" />
        <display value="Viral hepatitis type B (disorder)" />
      </concept>
      <concept>
        <code value="6142004" />
        <display value="Influenza (disorder)" />
      </concept>
      <concept>
        <code value="52947006" />
        <display value="Japanese encephalitis virus disease (disorder)" />
      </concept>
      <concept>
        <code value="16901001" />
        <display value="Central European encephalitis (disorder)" />
      </concept>
      <concept>
        <code value="4834000" />
        <display value="Typhoid fever (disorder)" />
      </concept>
      <concept>
        <code value="56717001" />
        <display value="Tuberculosis (disorder)" />
      </concept>
      <concept>
        <code value="76902006" />
        <display value="Tetanus (disorder)" />
      </concept>
      <concept>
        <code value="16814004" />
        <display value="Pneumococcal infectious disease (disorder)" />
      </concept>
      <concept>
        <code value="58750007" />
        <display value="Plague (disorder)" />
      </concept>
      <concept>
        <code value="27836007" />
        <display value="Pertussis (disorder)" />
      </concept>
      <concept>
        <code value="23511006" />
        <display value="Meningococcal infectious disease (disorder)" />
      </concept>
      <concept>
        <code value="709410003" />
        <display value="Haemophilus influenzae type b infection (disorder)" />
      </concept>
      <concept>
        <code value="397430003" />
        <display value="Diphtheria caused by Corynebacterium diphtheriae (disorder)" />
      </concept>
      <concept>
        <code value="63650001" />
        <display value="Cholera (disorder)" />
      </concept>
      <concept>
        <code value="75702008" />
        <display value="Brucellosis (disorder)" />
      </concept>
      <concept>
        <code value="409498004" />
        <display value="Anthrax (disorder)" />
      </concept>
      <concept>
        <code value="39111003" />
        <display value="Louse-borne typhus (disorder)" />
      </concept>
      <concept>
        <code value="28944009" />
        <display value="Cytomegalovirus infection (disorder)" />
      </concept>
      <concept>
        <code value="55735004" />
        <display value="Respiratory syncytial virus infection (disorder)" />
      </concept>
      <concept>
        <code value="186431008" />
        <display value="Clostridioides difficile infection (disorder)" />
      </concept>
      <concept>
        <code value="307333004" />
        <display value="Rhesus isoimmunization due to anti-D (disorder)" />
      </concept>
      <concept>
        <code value="64572001" />
        <display value="Disease (disorder)" />
      </concept>
      <concept>
        <code value="40733004" />
        <display value="Infectious disease (disorder)" />
      </concept>
    </include>
  </compose>
</ValueSet>