<StructureDefinition xmlns="http://hl7.org/fhir">
  <meta>
    <versionId value="1" />
    <lastUpdated value="2021-01-18T11:21:50.473+00:00" />
  </meta>
  <url value="https://fhir.kbv.de/StructureDefinition/KBV_PR_MIO_Vaccination_Patient" />
  <version value="1.1.0" />
  <name value="KBV_PR_MIO_Vaccination_Patient" />
  <status value="active" />
  <publisher value="Kassenärztliche Bundesvereinigung (KBV)" />
  <copyright value="Copyright © [2020], Kassenärztliche Bundesvereinigung (KBV). All rights reserved." />
  <fhirVersion value="4.0.1" />
  <mapping>
    <identity value="rim" />
    <uri value="http://hl7.org/v3" />
    <name value="RIM Mapping" />
  </mapping>
  <mapping>
    <identity value="cda" />
    <uri value="http://hl7.org/v3/cda" />
    <name value="CDA (R2)" />
  </mapping>
  <mapping>
    <identity value="w5" />
    <uri value="http://hl7.org/fhir/fivews" />
    <name value="FiveWs Pattern Mapping" />
  </mapping>
  <mapping>
    <identity value="v2" />
    <uri value="http://hl7.org/v2" />
    <name value="HL7 v2 Mapping" />
  </mapping>
  <mapping>
    <identity value="loinc" />
    <uri value="http://loinc.org" />
    <name value="LOINC code for the element" />
  </mapping>
  <kind value="resource" />
  <abstract value="false" />
  <type value="Patient" />
  <baseDefinition value="https://fhir.kbv.de/StructureDefinition/KBV_PR_Base_Patient|1.1.1" />
  <derivation value="constraint" />
  <differential>
    <element id="Patient">
      <path value="Patient" />
      <short value="PatientIn" />
      <definition value="In diesem Profil können Daten der zu behandelnden Personen eingetragen werden. Dies umfasst sowohl Personen mit gesetzlichem Krankenversicherungshintergund, als auch Personen, die einen anderen Versicherungsschutz haben." />
    </element>
    <element id="Patient.meta">
      <path value="Patient.meta" />
      <min value="1" />
    </element>
    <element id="Patient.meta.versionId">
      <path value="Patient.meta.versionId" />
      <max value="0" />
    </element>
    <element id="Patient.meta.lastUpdated">
      <path value="Patient.meta.lastUpdated" />
      <max value="0" />
    </element>
    <element id="Patient.meta.source">
      <path value="Patient.meta.source" />
      <max value="0" />
    </element>
    <element id="Patient.meta.profile">
      <path value="Patient.meta.profile" />
      <min value="1" />
      <max value="1" />
      <fixedCanonical value="https://fhir.kbv.de/StructureDefinition/KBV_PR_MIO_Vaccination_Patient|1.1.0" />
    </element>
    <element id="Patient.meta.security">
      <path value="Patient.meta.security" />
      <max value="0" />
    </element>
    <element id="Patient.meta.tag">
      <path value="Patient.meta.tag" />
      <max value="0" />
    </element>
    <element id="Patient.implicitRules">
      <path value="Patient.implicitRules" />
      <max value="0" />
    </element>
    <element id="Patient.language">
      <path value="Patient.language" />
      <max value="0" />
    </element>
    <element id="Patient.contained">
      <path value="Patient.contained" />
      <max value="0" />
    </element>
    <element id="Patient.identifier">
      <path value="Patient.identifier" />
      <min value="1" />
      <mustSupport value="true" />
    </element>
    <element id="Patient.identifier:pid">
      <path value="Patient.identifier" />
      <sliceName value="pid" />
      <mustSupport value="true" />
    </element>
    <element id="Patient.identifier:pid.type">
      <path value="Patient.identifier.type" />
      <mustSupport value="true" />
    </element>
    <element id="Patient.identifier:pid.type.coding">
      <path value="Patient.identifier.type.coding" />
      <slicing>
        <discriminator>
          <type value="value" />
          <path value="system" />
        </discriminator>
        <rules value="open" />
      </slicing>
      <min value="1" />
      <mustSupport value="true" />
    </element>
    <element id="Patient.identifier:pid.type.coding:MR-Type">
      <path value="Patient.identifier.type.coding" />
      <sliceName value="MR-Type" />
    </element>
    <element id="Patient.identifier:pid.type.coding:MR-Type.userSelected">
      <path value="Patient.identifier.type.coding.userSelected" />
      <max value="0" />
    </element>
    <element id="Patient.identifier:pid.type.text">
      <path value="Patient.identifier.type.text" />
      <max value="0" />
    </element>
    <element id="Patient.identifier:pid.system">
      <path value="Patient.identifier.system" />
      <mustSupport value="true" />
    </element>
    <element id="Patient.identifier:pid.value">
      <path value="Patient.identifier.value" />
      <mustSupport value="true" />
    </element>
    <element id="Patient.identifier:pid.period">
      <path value="Patient.identifier.period" />
      <max value="0" />
    </element>
    <element id="Patient.identifier:pid.assigner">
      <path value="Patient.identifier.assigner" />
      <max value="0" />
    </element>
    <element id="Patient.identifier:versichertenId_GKV">
      <path value="Patient.identifier" />
      <sliceName value="versichertenId_GKV" />
      <mustSupport value="true" />
    </element>
    <element id="Patient.identifier:versichertenId_GKV.type">
      <path value="Patient.identifier.type" />
      <mustSupport value="true" />
    </element>
    <element id="Patient.identifier:versichertenId_GKV.type.coding">
      <path value="Patient.identifier.type.coding" />
      <max value="1" />
      <mustSupport value="true" />
    </element>
    <element id="Patient.identifier:versichertenId_GKV.type.coding:GKV-Type">
      <path value="Patient.identifier.type.coding" />
      <sliceName value="GKV-Type" />
    </element>
    <element id="Patient.identifier:versichertenId_GKV.type.coding:GKV-Type.userSelected">
      <path value="Patient.identifier.type.coding.userSelected" />
      <max value="0" />
    </element>
    <element id="Patient.identifier:versichertenId_GKV.type.text">
      <path value="Patient.identifier.type.text" />
      <max value="0" />
    </element>
    <element id="Patient.identifier:versichertenId_GKV.system">
      <path value="Patient.identifier.system" />
      <mustSupport value="true" />
    </element>
    <element id="Patient.identifier:versichertenId_GKV.value">
      <path value="Patient.identifier.value" />
      <mustSupport value="true" />
    </element>
    <element id="Patient.identifier:versichertenId_GKV.period">
      <path value="Patient.identifier.period" />
      <max value="0" />
    </element>
    <element id="Patient.identifier:versichertenId_GKV.assigner">
      <path value="Patient.identifier.assigner" />
      <max value="0" />
    </element>
    <element id="Patient.identifier:versichertennummer_pkv">
      <path value="Patient.identifier" />
      <sliceName value="versichertennummer_pkv" />
      <mustSupport value="true" />
    </element>
    <element id="Patient.identifier:versichertennummer_pkv.type">
      <path value="Patient.identifier.type" />
      <mustSupport value="true" />
    </element>
    <element id="Patient.identifier:versichertennummer_pkv.type.coding">
      <path value="Patient.identifier.type.coding" />
      <mustSupport value="true" />
    </element>
    <element id="Patient.identifier:versichertennummer_pkv.type.coding:PKV-Type">
      <path value="Patient.identifier.type.coding" />
      <sliceName value="PKV-Type" />
    </element>
    <element id="Patient.identifier:versichertennummer_pkv.type.coding:PKV-Type.userSelected">
      <path value="Patient.identifier.type.coding.userSelected" />
      <max value="0" />
    </element>
    <element id="Patient.identifier:versichertennummer_pkv.type.text">
      <path value="Patient.identifier.type.text" />
      <max value="0" />
    </element>
    <element id="Patient.identifier:versichertennummer_pkv.value">
      <path value="Patient.identifier.value" />
      <mustSupport value="true" />
    </element>
    <element id="Patient.identifier:versichertennummer_pkv.assigner">
      <path value="Patient.identifier.assigner" />
      <mustSupport value="true" />
    </element>
    <element id="Patient.identifier:reisepassnummer">
      <path value="Patient.identifier" />
      <sliceName value="reisepassnummer" />
      <mustSupport value="true" />
    </element>
    <element id="Patient.identifier:reisepassnummer.type">
      <path value="Patient.identifier.type" />
      <mustSupport value="true" />
    </element>
    <element id="Patient.identifier:reisepassnummer.type.coding">
      <path value="Patient.identifier.type.coding" />
      <max value="1" />
    </element>
    <element id="Patient.identifier:reisepassnummer.type.coding.userSelected">
      <path value="Patient.identifier.type.coding.userSelected" />
      <max value="0" />
    </element>
    <element id="Patient.identifier:reisepassnummer.type.text">
      <path value="Patient.identifier.type.text" />
      <max value="0" />
    </element>
    <element id="Patient.identifier:reisepassnummer.system">
      <path value="Patient.identifier.system" />
      <mustSupport value="true" />
    </element>
    <element id="Patient.identifier:reisepassnummer.value">
      <path value="Patient.identifier.value" />
      <mustSupport value="true" />
    </element>
    <element id="Patient.identifier:reisepassnummer.period">
      <path value="Patient.identifier.period" />
      <max value="0" />
    </element>
    <element id="Patient.identifier:reisepassnummer.assigner">
      <path value="Patient.identifier.assigner" />
      <max value="0" />
    </element>
    <element id="Patient.identifier:versichertennummer_kvk">
      <path value="Patient.identifier" />
      <sliceName value="versichertennummer_kvk" />
      <mustSupport value="true" />
    </element>
    <element id="Patient.identifier:versichertennummer_kvk.type">
      <path value="Patient.identifier.type" />
      <mustSupport value="true" />
    </element>
    <element id="Patient.identifier:versichertennummer_kvk.type.coding">
      <path value="Patient.identifier.type.coding" />
      <max value="1" />
    </element>
    <element id="Patient.identifier:versichertennummer_kvk.type.coding.userSelected">
      <path value="Patient.identifier.type.coding.userSelected" />
      <max value="0" />
    </element>
    <element id="Patient.identifier:versichertennummer_kvk.type.text">
      <path value="Patient.identifier.type.text" />
      <max value="0" />
    </element>
    <element id="Patient.identifier:versichertennummer_kvk.system">
      <path value="Patient.identifier.system" />
      <mustSupport value="true" />
    </element>
    <element id="Patient.identifier:versichertennummer_kvk.value">
      <path value="Patient.identifier.value" />
      <mustSupport value="true" />
    </element>
    <element id="Patient.identifier:versichertennummer_kvk.period">
      <path value="Patient.identifier.period" />
      <max value="0" />
    </element>
    <element id="Patient.identifier:versichertennummer_kvk.assigner">
      <path value="Patient.identifier.assigner" />
      <max value="0" />
    </element>
    <element id="Patient.active">
      <path value="Patient.active" />
      <max value="0" />
    </element>
    <element id="Patient.name">
      <path value="Patient.name" />
      <slicing>
        <discriminator>
          <type value="value" />
          <path value="use" />
        </discriminator>
        <rules value="closed" />
      </slicing>
      <mustSupport value="true" />
    </element>
    <element id="Patient.name:name">
      <path value="Patient.name" />
      <sliceName value="name" />
      <min value="1" />
      <constraint>
        <key value="Nachname" />
        <severity value="error" />
        <human value="Der Nachname darf nicht absolut leer sein" />
        <expression value="family.extension('http://hl7.org/fhir/StructureDefinition/humanname-own-name').valueString.length()&gt;0" />
        <source value="https://fhir.kbv.de/StructureDefinition/KBV_PR_MIO_Vaccination_Patient" />
      </constraint>
      <constraint>
        <key value="Vorname" />
        <severity value="error" />
        <human value="Der Vorname darf nicht absolut leer sein" />
        <expression value="given.length()&gt;0" />
        <source value="https://fhir.kbv.de/StructureDefinition/KBV_PR_MIO_Vaccination_Patient" />
      </constraint>
      <mustSupport value="true" />
    </element>
    <element id="Patient.name:name.text">
      <path value="Patient.name.text" />
      <definition value="Vollständiger Name mit allen Vorsatzwörtern, Titeln und Namenszusätzen. Der vollständige Name soll alle Namensteile in ihrer korrekten Reihenfolge abbilden." />
      <mustSupport value="true" />
    </element>
    <element id="Patient.name:name.family">
      <path value="Patient.name.family" />
      <mustSupport value="true" />
    </element>
    <element id="Patient.name:name.family.extension">
      <path value="Patient.name.family.extension" />
      <slicing>
        <discriminator>
          <type value="value" />
          <path value="url" />
        </discriminator>
        <rules value="open" />
      </slicing>
    </element>
    <element id="Patient.name:name.family.extension:namenszusatz">
      <path value="Patient.name.family.extension" />
      <sliceName value="namenszusatz" />
      <mustSupport value="true" />
    </element>
    <element id="Patient.name:name.family.extension:nachname">
      <path value="Patient.name.family.extension" />
      <sliceName value="nachname" />
      <min value="1" />
      <mustSupport value="true" />
    </element>
    <element id="Patient.name:name.family.extension:vorsatzwort">
      <path value="Patient.name.family.extension" />
      <sliceName value="vorsatzwort" />
      <mustSupport value="true" />
    </element>
    <element id="Patient.name:name.given">
      <path value="Patient.name.given" />
      <mustSupport value="true" />
    </element>
    <element id="Patient.name:name.prefix">
      <path value="Patient.name.prefix" />
      <mustSupport value="true" />
    </element>
    <element id="Patient.name:name.suffix">
      <path value="Patient.name.suffix" />
      <max value="0" />
    </element>
    <element id="Patient.name:name.period">
      <path value="Patient.name.period" />
      <max value="0" />
    </element>
    <element id="Patient.name:geburtsname">
      <path value="Patient.name" />
      <sliceName value="geburtsname" />
      <constraint>
        <key value="Geburtsname" />
        <severity value="error" />
        <human value="Der Geburtsname darf nicht absolut leer sein" />
        <expression value="family.extension('http://hl7.org/fhir/StructureDefinition/humanname-own-name').valueString.length()&gt;0" />
        <source value="https://fhir.kbv.de/StructureDefinition/KBV_PR_MIO_Vaccination_Patient" />
      </constraint>
      <mustSupport value="true" />
    </element>
    <element id="Patient.name:geburtsname.family">
      <path value="Patient.name.family" />
      <mustSupport value="true" />
    </element>
    <element id="Patient.name:geburtsname.family.extension">
      <path value="Patient.name.family.extension" />
      <slicing>
        <discriminator>
          <type value="value" />
          <path value="url" />
        </discriminator>
        <rules value="open" />
      </slicing>
    </element>
    <element id="Patient.name:geburtsname.family.extension:namenszusatz">
      <path value="Patient.name.family.extension" />
      <sliceName value="namenszusatz" />
      <mustSupport value="true" />
    </element>
    <element id="Patient.name:geburtsname.family.extension:nachname">
      <path value="Patient.name.family.extension" />
      <sliceName value="nachname" />
      <mustSupport value="true" />
    </element>
    <element id="Patient.name:geburtsname.family.extension:vorsatzwort">
      <path value="Patient.name.family.extension" />
      <sliceName value="vorsatzwort" />
      <mustSupport value="true" />
    </element>
    <element id="Patient.name:geburtsname.suffix">
      <path value="Patient.name.suffix" />
      <max value="0" />
    </element>
    <element id="Patient.name:geburtsname.period">
      <path value="Patient.name.period" />
      <max value="0" />
    </element>
    <element id="Patient.telecom">
      <path value="Patient.telecom" />
      <max value="0" />
    </element>
    <element id="Patient.gender">
      <path value="Patient.gender" />
      <mustSupport value="true" />
    </element>
    <element id="Patient.birthDate">
      <path value="Patient.birthDate" />
      <mustSupport value="true" />
    </element>
    <element id="Patient.deceased[x]">
      <path value="Patient.deceased[x]" />
      <max value="0" />
    </element>
    <element id="Patient.address">
      <path value="Patient.address" />
      <max value="0" />
    </element>
    <element id="Patient.maritalStatus">
      <path value="Patient.maritalStatus" />
      <max value="0" />
    </element>
    <element id="Patient.multipleBirth[x]">
      <path value="Patient.multipleBirth[x]" />
      <max value="0" />
    </element>
    <element id="Patient.photo">
      <path value="Patient.photo" />
      <max value="0" />
    </element>
    <element id="Patient.contact">
      <path value="Patient.contact" />
      <max value="0" />
    </element>
    <element id="Patient.communication">
      <path value="Patient.communication" />
      <max value="0" />
    </element>
    <element id="Patient.generalPractitioner">
      <path value="Patient.generalPractitioner" />
      <max value="0" />
    </element>
    <element id="Patient.managingOrganization">
      <path value="Patient.managingOrganization" />
      <max value="0" />
    </element>
    <element id="Patient.link">
      <path value="Patient.link" />
      <max value="0" />
    </element>
  </differential>
</StructureDefinition>