<Bundle xmlns="http://hl7.org/fhir">
	<id value="ec5bf24f-e823-45d6-97c6-14e35ded0ec0" />
	<meta>
		<profile value="https://fhir.kbv.de/StructureDefinition/KBV_PR_MIO_ZAEB_Bundle|1.1.0" />
	</meta>
	<identifier>
		<system value="urn:ietf:rfc:3986" />
		<value value="urn:uuid:ec5bf24f-e823-45d6-97c6-14e35ded0ec0" />
	</identifier>
	<type value="document" />
	<timestamp value="2021-01-27T12:30:02Z" />
	<entry>
		<fullUrl value="urn:uuid:2c3a4aa6-cbea-4ac1-a6e5-865b93424e0a" />
		<resource>
			<Composition>
				<id value="2c3a4aa6-cbea-4ac1-a6e5-865b93424e0a" />
				<meta>
					<profile value="https://fhir.kbv.de/StructureDefinition/KBV_PR_MIO_ZAEB_Composition|1.1.0" />
				</meta>
				<status value="final" />
				<type>
					<coding>
						<system value="http://snomed.info/sct" />
						<version value="http://snomed.info/sct/900000000000207008/version/20210131" />
						<code value="371525003" />
						<display value="Clinical procedure report (record artifact)" />
					</coding>
				</type>
				<subject>
					<reference value="urn:uuid:ba5f36ef-84e9-4a83-852b-e74dac4014ed" />
				</subject>
				<date value="2018-07-01T12:30:02Z" />
				<author>
					<reference value="urn:uuid:2952e04f-50ec-4f27-a06d-f47a500b6998" />
				</author>
				<title value="Bonushefteintrag" />
				<section>
					<entry>
						<reference value="urn:uuid:321c66be-ea2e-4559-9e3d-b6f2326f2dcf" />
					</entry>
					<entry>
						<reference value="urn:uuid:2071b7f6-6574-46c1-b3a9-e4ef8a93500e" />
					</entry>
				</section>
			</Composition>
		</resource>
	</entry>
	<entry>
		<fullUrl value="urn:uuid:ba5f36ef-84e9-4a83-852b-e74dac4014ed" />
		<resource>
			<Patient>
				<id value="ba5f36ef-84e9-4a83-852b-e74dac4014ed" />
				<meta>
					<profile value="https://fhir.kbv.de/StructureDefinition/KBV_PR_MIO_ZAEB_Patient|1.1.0" />
				</meta>
				<text>
					<status value="generated" />
					<div xmlns="http://www.w3.org/1999/xhtml">
						<p>Patient: Dr. Graf Ludger von Königsstein</p>
					</div>
				</text>
				<identifier>
					<type>
						<coding>
							<system value="http://fhir.de/CodeSystem/identifier-type-de-basis" />
							<code value="GKV" />
						</coding>
					</type>
					<system value="http://fhir.de/NamingSystem/gkv/kvid-10" />
					<value value="L234567890" />
				</identifier>
				<name>
					<use value="official" />
					<text value="Dr. Graf Ludger von Königsstein" />
					<family value="Graf von Königsstein">
						<extension url="http://fhir.de/StructureDefinition/humanname-namenszusatz">
							<valueString value="Graf" />
						</extension>
						<extension url="http://hl7.org/fhir/StructureDefinition/humanname-own-name">
							<valueString value="Königsstein" />
						</extension>
						<extension url="http://hl7.org/fhir/StructureDefinition/humanname-own-prefix">
							<valueString value="von" />
						</extension>
					</family>
					<given value="Ludger" />
					<prefix value="Dr.">
						<extension url="http://hl7.org/fhir/StructureDefinition/iso21090-EN-qualifier">
							<valueCode value="AC" />
						</extension>
					</prefix>
				</name>
				<birthDate value="1935-06-22" />
				<address>
					<extension url="http://hl7.org/fhir/StructureDefinition/iso21090-ADXP-precinct">
						<valueString value="Mitte" />
					</extension>
					<type value="both" />
					<line value="Musterweg 42 Hinterhof">
						<extension url="http://hl7.org/fhir/StructureDefinition/iso21090-ADXP-streetName">
							<valueString value="Musterweg" />
						</extension>
						<extension url="http://hl7.org/fhir/StructureDefinition/iso21090-ADXP-houseNumber">
							<valueString value="42" />
						</extension>
						<extension url="http://hl7.org/fhir/StructureDefinition/iso21090-ADXP-additionalLocator">
							<valueString value="Hinterhof" />
						</extension>
					</line>
					<line value="Mitte" />
					<city value="Berlin" />
					<postalCode value="10787" />
					<country value="DE" />
				</address>
			</Patient>
		</resource>
	</entry>
	<entry>
		<fullUrl value="urn:uuid:2952e04f-50ec-4f27-a06d-f47a500b6998" />
		<resource>
			<Organization>
				<id value="2952e04f-50ec-4f27-a06d-f47a500b6998" />
				<meta>
					<profile value="https://fhir.kbv.de/StructureDefinition/KBV_PR_MIO_ZAEB_Organization|1.1.0" />
				</meta>
				<text>
					<status value="generated" />
					<div xmlns="http://www.w3.org/1999/xhtml">
						<p>Organisation - Dr. med. Hans Topp-Glücklich</p>
					</div>
				</text>
				<identifier>
					<type>
						<coding>
							<system value="http://fhir.de/CodeSystem/identifier-type-de-basis" />
							<code value="KZVA" />
						</coding>
					</type>
					<system value="http://fhir.de/NamingSystem/kzbv/kzvabrechnungsnummer" />
					<value value="123456789" />
				</identifier>
				<name value="Dr. med. Hans Topp-Glücklich" />
				<address>
					<type value="both" />
					<text value="Musterweg 1, 10787 Berlin, Deutschland" />
					<line value="Musterweg 1">
						<extension url="http://hl7.org/fhir/StructureDefinition/iso21090-ADXP-streetName">
							<valueString value="Musterweg" />
						</extension>
						<extension url="http://hl7.org/fhir/StructureDefinition/iso21090-ADXP-houseNumber">
							<valueString value="1" />
						</extension>
					</line>
					<city value="Berlin" />
					<postalCode value="10787" />
					<country value="DE" />
				</address>
			</Organization>
		</resource>
	</entry>
	<entry>
		<fullUrl value="urn:uuid:2071b7f6-6574-46c1-b3a9-e4ef8a93500e" />
		<resource>
			<Observation>
				<id value="2071b7f6-6574-46c1-b3a9-e4ef8a93500e" />
				<meta>
					<profile value="https://fhir.kbv.de/StructureDefinition/KBV_PR_MIO_ZAEB_Observation_Gapless_Documentation|1.1.0" />
				</meta>
				<text>
					<status value="extensions" />
					<div xmlns="http://www.w3.org/1999/xhtml">
						<p>lückenlose Dokumentation</p>
					</div>
				</text>
				<extension url="https://fhir.kbv.de/StructureDefinition/KBV_EX_MIO_ZAEB_Disclaimer">
					<valueString value="Die Vertragsparteien sind sich einig, dass der Zahnarzt im Nachhinein für eine falsche Jahresangabe nicht haftbar gemacht werden kann, wenn die Krankenkasse bei der Prüfung eines Heil- und Kostenplanes keinen Bonus oder eine andere Bonusstufe feststellt." />
				</extension>
				<status value="final" />
				<code>
					<text value="Datum, seit dem eine lückenlose Dokumentation in dem Papier-Zahnbonusheft nachweislich vorliegt." />
				</code>
				<subject>
					<reference value="urn:uuid:ba5f36ef-84e9-4a83-852b-e74dac4014ed" />
				</subject>
				<valueDateTime value="2015-01-02" />
			</Observation>
		</resource>
	</entry>
	<entry>
		<fullUrl value="urn:uuid:321c66be-ea2e-4559-9e3d-b6f2326f2dcf" />
		<resource>
			<Observation>
				<id value="321c66be-ea2e-4559-9e3d-b6f2326f2dcf" />
				<meta>
					<profile value="https://fhir.kbv.de/StructureDefinition/KBV_PR_MIO_ZAEB_Observation_Dental_Check_Up|1.1.0" />
				</meta>
				<text>
					<status value="generated" />
					<div xmlns="http://www.w3.org/1999/xhtml">
						<p>zahnärztliche Untersuchung Erwachsene</p>
					</div>
				</text>
				<status value="final" />
				<code>
					<coding>
						<system value="http://snomed.info/sct" />
						<version value="http://snomed.info/sct/900000000000207008/version/20210131" />
						<code value="63963009" />
						<display value="Dental prophylaxis, adult (procedure)">
							<extension url="https://fhir.kbv.de/StructureDefinition/KBV_EX_Base_Terminology_German">
								<extension url="content">
									<valueString value="Zahnärztliche Untersuchung (Erwachsen)" />
								</extension>
							</extension>
						</display>
					</coding>
				</code>
				<subject>
					<reference value="urn:uuid:ba5f36ef-84e9-4a83-852b-e74dac4014ed" />
				</subject>
				<effectiveDateTime value="2020-01-02" />
				<valueBoolean value="true" />
			</Observation>
		</resource>
	</entry>
</Bundle>