<Practitioner xmlns="http://hl7.org/fhir">
  <id value="0dad5f32-8b79-4961-a98b-3e8cd1336d11" />
  <meta>
    <profile value="https://fhir.kbv.de/StructureDefinition/KBV_PR_MIO_Vaccination_Practitioner|1.1.0" />
  </meta>
  <extension url="https://fhir.kbv.de/StructureDefinition/KBV_EX_Base_Additional_Comment">
    <valueString value="Behandelnder Arzt" />
  </extension>
  <identifier>
    <type>
      <coding>
        <system value="http://terminology.hl7.org/CodeSystem/v2-0203" />
        <code value="LANR" />
      </coding>
    </type>
    <system value="https://fhir.kbv.de/NamingSystem/KBV_NS_Base_ANR" />
    <value value="838382202" />
  </identifier>
  <name>
    <use value="official" />
    <family value="Topp-Glücklich">
      <extension url="http://hl7.org/fhir/StructureDefinition/humanname-own-name">
        <valueString value="Topp-Glücklich" />
      </extension>
    </family>
    <given value="Hans" />
    <prefix value="Dr. med.">
      <extension url="http://hl7.org/fhir/StructureDefinition/iso21090-EN-qualifier">
        <valueCode value="AC" />
      </extension>
    </prefix>
  </name>
  <telecom>
    <system value="phone" />
    <value value="06151/1111111" />
  </telecom>
  <qualification>
    <code>
      <coding>
        <system value="https://fhir.kbv.de/CodeSystem/KBV_CS_SFHIR_BAR2_WBO" />
        <code value="010" />
        <display value="FA Allgemeinmedizin">
          <extension url="https://fhir.kbv.de/StructureDefinition/KBV_EX_Base_Terminology_German">
            <extension url="content">
              <valueString value="Qualifikation" />
            </extension>
          </extension>
        </display>
      </coding>
    </code>
  </qualification>
</Practitioner>