<Practitioner xmlns="http://hl7.org/fhir">
  <id value="4ec2178a-786f-4841-8ed9-9453f03a3bf5" />
  <meta>
    <profile value="https://fhir.kbv.de/StructureDefinition/KBV_PR_MIO_Vaccination_Practitioner_Addendum|1.1.0" />
  </meta>
  <extension url="https://fhir.kbv.de/StructureDefinition/KBV_EX_Base_Additional_Comment">
    <valueString value="Behandelnder Arzt bei Impfung" />
  </extension>
  <name>
    <use value="official" />
    <family value="Bester">
      <extension url="http://hl7.org/fhir/StructureDefinition/humanname-own-name">
        <valueString value="Bester" />
      </extension>
    </family>
    <given value="Hartmut" />
    <prefix value="Dr. med.">
      <extension url="http://hl7.org/fhir/StructureDefinition/iso21090-EN-qualifier">
        <valueCode value="AC" />
      </extension>
    </prefix>
  </name>
  <qualification>
    <code>
      <coding>
        <system value="https://fhir.kbv.de/CodeSystem/KBV_CS_SFHIR_BAR2_WBO" />
        <code value="010" />
        <display value="FA Allgemeinmedizin">
          <extension url="https://fhir.kbv.de/StructureDefinition/KBV_EX_Base_Terminology_German">
            <extension url="content">
              <valueString value="Qualifikation" />
            </extension>
          </extension>
        </display>
      </coding>
    </code>
  </qualification>
</Practitioner>