<Organization xmlns="http://hl7.org/fhir">
  <id value="13852c9a-2659-4912-9262-73aab94530c7" />
  <meta>
    <profile value="https://fhir.kbv.de/StructureDefinition/KBV_PR_MIO_Vaccination_Organization|1.1.0" />
  </meta>
  <name value="Praxis Dr. med. Hans Topp-Glücklich" />
  <address>
    <type value="both" />
    <line value="Musterstr. 1">
      <extension url="http://hl7.org/fhir/StructureDefinition/iso21090-ADXP-houseNumber">
        <valueString value="1" />
      </extension>
      <extension url="http://hl7.org/fhir/StructureDefinition/iso21090-ADXP-streetName">
        <valueString value="Musterstr." />
      </extension>
    </line>
    <city value="Darmstadt" />
    <postalCode value="64283" />
    <country value="D" />
  </address>
</Organization>