<CodeSystem xmlns="http://hl7.org/fhir">
  <id value="marital-status-supplement" />
  <meta>
    <profile value="http://hl7.org/fhir/StructureDefinition/shareablecodesystem" />
  </meta>
  <url value="http://fhir.de/CodeSystem/marital-status-supplement" />
  <version value="0.9.12" />
  <name value="SupplementMaritalStatus" />
  <status value="draft" />
  <experimental value="true" />
  <date value="2019-07-11" />
  <publisher value="HL7 Deutschland e.V. (Technisches Komitee FHIR)" />
  <contact>
    <telecom>
      <system value="url" />
      <value value="http://hl7.de/technische-komitees/fhir/" />
    </telecom>
  </contact>
  <description value="CodeSystem Supplement mit Deutschen Übersetzungen für MaritalStatus" />
  <content value="supplement" />
  <supplements value="http://terminology.hl7.org/CodeSystem/v3-MaritalStatus" />
  <concept>
    <code value="A" />
    <designation>
      <language value="de-DE" />
      <value value="annulliert" />
    </designation>
  </concept>
  <concept>
    <code value="D" />
    <designation>
      <language value="de-DE" />
      <value value="geschieden" />
    </designation>
  </concept>
  <concept>
    <code value="L" />
    <designation>
      <language value="de-DE" />
      <value value="getrennt lebend" />
    </designation>
  </concept>
  <concept>
    <code value="M" />
    <designation>
      <language value="de-DE" />
      <value value="verheiratet" />
    </designation>
  </concept>
  <concept>
    <code value="P" />
    <designation>
      <language value="de-DE" />
      <value value="polygam" />
    </designation>
  </concept>
  <concept>
    <code value="S" />
    <designation>
      <language value="de-DE" />
      <value value="nie verheiratet" />
    </designation>
  </concept>
  <concept>
    <code value="T" />
    <designation>
      <language value="de-DE" />
      <value value="Lebenspartner" />
    </designation>
  </concept>
  <concept>
    <code value="U" />
    <designation>
      <language value="de-DE" />
      <value value="unverheiratet" />
    </designation>
  </concept>
  <concept>
    <code value="W" />
    <designation>
      <language value="de-DE" />
      <value value="verwitwet" />
    </designation>
  </concept>
</CodeSystem>