<CodeSystem xmlns="http://hl7.org/fhir">
  <id value="loinc-supplement-basis" />
  <meta>
    <profile value="http://hl7.org/fhir/StructureDefinition/shareablecodesystem" />
  </meta>
  <url value="http://fhir.de/CodeSystem/loinc-supplement-basis" />
  <version value="0.9.12" />
  <name value="SupplementLoincDeBasis" />
  <status value="draft" />
  <experimental value="true" />
  <date value="2019-07-11" />
  <publisher value="HL7 Deutschland e.V. (Technisches Komitee FHIR)" />
  <contact>
    <telecom>
      <system value="url" />
      <value value="http://hl7.de/technische-komitees/fhir/" />
    </telecom>
  </contact>
  <description value="CodeSystem Supplement mit Deutschen Übersetzungen für die in den Basisprofilen verwendeten LOINC-Codes. &#xD;&#xA;Dieses LOINC-Supplement enthält Übersetzungen für die in den Basisprofilen verwendeten LOINC-Codes. Es ist zu beachten, dass es hier um keine offiziellen, vom DIMDI freigegebenen Übersetzungen handelt.&#xD;&#xA;Dieses CodeSystem Supplement dient lediglich zu Testzwecken, zur Evaluierung von Tools oder für die Nutzung in nicht-produktiven Prototypen.  &#xD;&#xA;&#xD;&#xA;Die Bereitstellung und Erweiterung der offiziellen LOINC-Übersetzungen ist derzeit in Klärung." />
  <content value="supplement" />
  <supplements value="http://loinc.org" />
  <!--**********************Schwangerschaftsstatus***********************-->
  <concept>
    <code value="82810-3" />
    <designation>
      <language value="de-DE" />
      <value value="Schwangerschaftsstatus" />
    </designation>
  </concept>
  <concept>
    <code value="LA15173-0" />
    <designation>
      <language value="de-DE" />
      <value value="schwanger" />
    </designation>
  </concept>
  <concept>
    <code value="LA26683-5" />
    <designation>
      <language value="de-DE" />
      <value value="nicht schwanger" />
    </designation>
  </concept>
  <concept>
    <code value="LA4489-6" />
    <designation>
      <language value="de-DE" />
      <value value="unbekannt" />
    </designation>
  </concept>
  <!--**********************Raucherstatus***********************-->
  <concept>
    <code value="72166-2" />
    <designation>
      <language value="de-DE" />
      <value value="Raucherstatus" />
    </designation>
  </concept>
  <concept>
    <code value="LA18976-3" />
    <designation>
      <language value="de-DE" />
      <value value="Aktuell täglicher Raucher" />
    </designation>
  </concept>
  <concept>
    <code value="LA18977-1" />
    <designation>
      <language value="de-DE" />
      <value value="Aktuell gelegentlicher Raucher" />
    </designation>
  </concept>
  <concept>
    <code value="LA15920-4" />
    <designation>
      <language value="de-DE" />
      <value value="ehemaliger Raucher" />
    </designation>
  </concept>
  <concept>
    <code value="LA18978-9" />
    <designation>
      <language value="de-DE" />
      <value value="Nieraucher" />
    </designation>
  </concept>
  <concept>
    <code value="LA18979-7" />
    <designation>
      <language value="de-DE" />
      <value value="Raucher, aktueller status unbekannt" />
    </designation>
  </concept>
  <concept>
    <code value="LA18980-5" />
    <designation>
      <language value="de-DE" />
      <value value="unbekannt ob jemals Raucher" />
    </designation>
  </concept>
  <concept>
    <code value="LA18981-3" />
    <designation>
      <language value="de-DE" />
      <value value="starker Raucher" />
    </designation>
  </concept>
  <concept>
    <code value="LA18982-1" />
    <designation>
      <language value="de-DE" />
      <value value="leichter Raucher" />
    </designation>
  </concept>
  <!--**********************Vitalparameter***********************-->
  <concept>
    <code value="9279-1" />
    <designation>
      <language value="de-DE" />
      <value value="Atemfrequenz" />
    </designation>
  </concept>
  <concept>
    <code value="8867-4" />
    <designation>
      <language value="de-DE" />
      <value value="Herzfrequenz" />
    </designation>
  </concept>
  <concept>
    <code value="2708-6" />
    <designation>
      <language value="de-DE" />
      <value value="Sauerstoffsättigung, arteriell" />
    </designation>
  </concept>
  <concept>
    <code value="8310-5" />
    <designation>
      <language value="de-DE" />
      <value value="Körpertemperatur" />
    </designation>
  </concept>
  <concept>
    <code value="8302-2" />
    <designation>
      <language value="de-DE" />
      <value value="Körpergröße" />
    </designation>
  </concept>
  <concept>
    <code value="29463-7" />
    <designation>
      <language value="de-DE" />
      <value value="Körpergewicht" />
    </designation>
  </concept>
  <concept>
    <code value="85354-9" />
    <designation>
      <language value="de-DE" />
      <value value="Blutdruckmessung mit optionalen Komponenten" />
    </designation>
  </concept>
  <concept>
    <code value="8480-6" />
    <designation>
      <language value="de-DE" />
      <value value="Blutdruck systolisch" />
    </designation>
  </concept>
  <concept>
    <code value="8462-4" />
    <designation>
      <language value="de-DE" />
      <value value="Blutdruck diastolisch" />
    </designation>
  </concept>
  <!--**********************Pflegegrad***********************-->
  <concept>
    <code value="80391-6" />
    <designation>
      <language value="de-DE" />
      <value value="Pflegegrad" />
    </designation>
  </concept>
</CodeSystem>