<CodeSystem xmlns="http://hl7.org/fhir">
	<id value="pzn" />
	<url value="http://fhir.de/CodeSystem/ifa/pzn" />
	<version value="0.9.12" />
	<name value="Pzn" />
	<status value="draft" />
	<experimental value="true" />
	<date value="2018-11-17" />
	<publisher value="HL7 Deutschland e.V. (Technisches Komitee FHIR)" />
	<contact>
		<telecom>
			<system value="other" />
			<value value="http://hl7.de/technische-komitees/fhir/" />
		</telecom>
	</contact>
	<description value="PZN Platzhalter-CodeSystem" />
	<copyright value="IFA GmbH" />
	<caseSensitive value="true" />
	<content value="complete" />
	<concept>
		<code value="2528981" />
		<display value="STAMARIL Trockensubstanz mit Lösungsmittel" />
	</concept>
</CodeSystem>