<CodeSystem xmlns="http://hl7.org/fhir">
  <id value="diagnosis-role-supplement" />
  <meta>
    <profile value="http://hl7.org/fhir/StructureDefinition/shareablecodesystem" />
  </meta>
  <url value="http://fhir.de/CodeSystem/diagnosis-role-supplement" />
  <version value="0.9.12" />
  <name value="Diagnosis-role" />
  <status value="draft" />
  <experimental value="true" />
  <date value="2019-11-22" />
  <publisher value="HL7 Deutschland e.V. (Technisches Komitee FHIR)" />
  <contact>
    <telecom>
      <system value="url" />
      <value value="http://hl7.de/technische-komitees/fhir/" />
    </telecom>
  </contact>
  <description value="CodeSystem Supplement mit Deutschen Übersetzungen für Diagnose-Rollen" />
  <content value="supplement" />
  <supplements value="http://terminology.hl7.org/CodeSystem/diagnosis-role" />
  <concept>
    <code value="AD" />
    <designation>
      <language value="de-DE" />
      <value value="Aufnahmediagnose" />
    </designation>
  </concept>
  <concept>
    <code value="DD" />
    <designation>
      <language value="de-DE" />
      <value value="Entlassdiagnose" />
    </designation>
  </concept>
  <concept>
    <code value="CC" />
    <designation>
      <language value="de-DE" />
      <value value="Hauptdiagnose" />
    </designation>
  </concept>
  <concept>
    <code value="CM" />
    <designation>
      <language value="de-DE" />
      <value value="Nebendiagnose" />
    </designation>
  </concept>
  <concept>
    <code value="pre-op" />
    <designation>
      <language value="de-DE" />
      <value value="prä-operative Diagnose" />
    </designation>
  </concept>
  <concept>
    <code value="post-op" />
    <designation>
      <language value="de-DE" />
      <value value="post-operative Diagnose" />
    </designation>
  </concept>
  <concept>
    <code value="billing" />
    <designation>
      <language value="de-DE" />
      <value value="Abrechnungsdiagnose" />
    </designation>
  </concept>
</CodeSystem>