{
  "resourceType": "CodeSystem",
  "url": "urn:iso:std:iso:3166-2:de",
  "version": "0.9.12",
  "name": "ISO31662DE",
  "title": "ISO-3166-2:de-Laendercodes",
  "status": "draft",
  "experimental": true,
  "date": "2020-12-08",
  "publisher": "HL7 Deutschland e.V. (Technisches Komitee FHIR)",
  "contact": [
    {
      "telecom": [
        {
          "system": "url",
          "value": "http://hl7.de/technische-komitees/fhir/"
        }
      ]
    }
  ],
  "description": "Die Liste der ISO-3166-2:DE Codes für Deutschland enthält die Codes für die deutschen Länder.",
  "copyright": "International Organization for Standardization",
  "caseSensitive": true,
  "valueSet": "http://fhir.de/ValueSet/iso/bundeslaender",
  "content": "complete",
  "concept": [
    {
      "code": "DE-BW",
      "display": "Baden-Württemberg"
    },
    {
      "code": "DE-BY",
      "display": "Bayern"
    },
    {
      "code": "DE-BE",
      "display": "Berlin"
    },
    {
      "code": "DE-BB",
      "display": "Brandenburg"
    },
    {
      "code": "DE-HB",
      "display": "Bremen"
    },
    {
      "code": "DE-HH",
      "display": "Hamburg"
    },
    {
      "code": "DE-HE",
      "display": "Hessen"
    },
    {
      "code": "DE-MV",
      "display": "Mecklenburg-Vorpommern"
    },
    {
      "code": "DE-NI",
      "display": "Niedersachsen"
    },
    {
      "code": "DE-NW",
      "display": "Nordrhein-Westfalen"
    },
    {
      "code": "DE-RP",
      "display": "Rheinland-Pfalz"
    },
    {
      "code": "DE-SL",
      "display": "Saarland"
    },
    {
      "code": "DE-SN",
      "display": "Sachsen"
    },
    {
      "code": "DE-ST",
      "display": "Sachsen-Anhalt"
    },
    {
      "code": "DE-SH",
      "display": "Schleswig-Holstein"
    },
    {
      "code": "DE-TH",
      "display": "Thüringen"
    }
  ]
}