<Condition xmlns="http://hl7.org/fhir">
  <id value="Example-condition-invalid-2" />
  <meta>
    <profile value="http://fhir.de/StructureDefinition/condition-de-icd10" />
  </meta>
  <code>
    <coding>
      <extension url="http://fhir.de/StructureDefinition/icd-10-gm-diagnosesicherheit">
        <valueCoding>
          <system value="https://fhir.kbv.de/CodeSystem/KBV_CS_SFHIR_ICD_DIAGNOSESICHERHEIT" />
          <code value="Z" />
        </valueCoding>
      </extension>
      <system value="http://fhir.de/CodeSystem/dimdi/icd-10-gm" />
      <version value="2019" />
      <code value="E10.30† H36.0*" />
      <display value="Diabetische Retinopathie" />
    </coding>
  </code>
  <subject>
    <reference value="Patient/example" />
  </subject>
</Condition>