<Observation xmlns="http://hl7.org/fhir">
  <id value="Example-observation-atemfrequenz" />
  <meta>
    <profile value="http://hl7.org/fhir/StructureDefinition/resprate" />
    <profile value="http://fhir.de/StructureDefinition/observation-de-vitalsign-atemfrequenz" />
  </meta>
  <status value="final" />
  <category>
    <coding>
      <system value="http://terminology.hl7.org/CodeSystem/observation-category" />
      <code value="vital-signs" />
      <display value="Vital Signs" />
    </coding>
    <text value="Vital Signs" />
  </category>
  <code>
    <coding>
      <system value="http://loinc.org" />
      <code value="9279-1" />
      <display value="Respiratory rate" />
    </coding>
    <text value="Atemfrequenz" />
  </code>
  <subject>
    <reference value="Patient/example" />
  </subject>
  <effectiveDateTime value="2019-07-02" />
  <valueQuantity>
    <value value="26" />
    <unit value="Atemzüge pro Minute" />
    <system value="http://unitsofmeasure.org" />
    <code value="/min" />
  </valueQuantity>
</Observation>