<Observation xmlns="http://hl7.org/fhir">
  <id value="Example-observation-pflegegrad" />
  <meta>
    <profile value="http://fhir.de/StructureDefinition/observation-de-pflegegrad" />
  </meta>
  <status value="final" />
  <code>
    <coding>
      <system value="http://loinc.org" />
      <code value="80391-6" />
      <display value="Pflegegrad" />
    </coding>
  </code>
  <subject>
    <reference value="Patient/example" />
  </subject>
  <effectivePeriod>
    <start value="2019-01-09" />
  </effectivePeriod>
  <valueCodeableConcept>
    <coding>
      <system value="http://fhir.de/CodeSystem/dimdi/ops" />
      <version value="2019" />
      <code value="9-984.6" />
      <display value="Pflegebedürftig nach Pflegegrad 1" />
    </coding>
  </valueCodeableConcept>
</Observation>