<Condition xmlns="http://hl7.org/fhir">
  <id value="Example-condition-minimal" />
  <meta>
    <profile value="http://fhir.de/StructureDefinition/condition-de-icd10" />
  </meta>
  <code>
    <coding>
      <system value="http://fhir.de/CodeSystem/dimdi/icd-10-gm" />
      <version value="2019" />
      <code value="F71" />
      <display value="Mittelgradige Intelligenzminderung" />
    </coding>
  </code>
  <subject>
    <reference value="Patient/example" />
  </subject>
</Condition>