<StructureDefinition xmlns="http://hl7.org/fhir">
  <id value="generation-egk" />
  <url value="http://fhir.de/StructureDefinition/gkv/generation-egk" />
  <version value="0.9.12" />
  <name value="ExtensionGkvGenerationEgk" />
  <title value="Extension zur Erfassung der Generation der eGK" />
  <status value="draft" />
  <date value="2019-12-10" />
  <description value="Extension zur Erfassung der Generation der eGK" />
  <fhirVersion value="4.0.1" />
  <kind value="complex-type" />
  <abstract value="false" />
  <context>
    <type value="element" />
    <expression value="Coverage" />
  </context>
  <type value="Extension" />
  <baseDefinition value="http://hl7.org/fhir/StructureDefinition/Extension" />
  <derivation value="constraint" />
  <differential>
    <element id="Extension">
      <path value="Extension" />
      <short value="eGK Generation ( 1 | 1+ | 2 )" />
      <definition value="Angabe der Generation der Versichertenkarte" />
    </element>
    <element id="Extension.url">
      <path value="Extension.url" />
      <fixedUri value="http://fhir.de/StructureDefinition/gkv/generation-egk" />
    </element>
    <element id="Extension.value[x]">
      <path value="Extension.value[x]" />
      <type>
        <code value="string" />
      </type>
      <constraint>
        <key value="generation" />
        <severity value="warning" />
        <human value="Die Extension darf nur die Werte 1, 1+ oder 2 enthalten" />
        <expression value="matches('[0|1+|2]')" />
      </constraint>
    </element>
  </differential>
</StructureDefinition>