<StructureDefinition xmlns="http://hl7.org/fhir">
  <id value="dmp-kennzeichen" />
  <url value="http://fhir.de/StructureDefinition/gkv/dmp-kennzeichen" />
  <version value="0.9.12" />
  <name value="ExtensionGkvDmpKennzeichen" />
  <status value="draft" />
  <date value="2020-05-14" />
  <publisher value="HL7 Deutschland e.V. (Technisches Komitee FHIR)" />
  <contact>
    <telecom>
      <system value="url" />
      <value value="http://hl7.de/technische-komitees/fhir/" />
    </telecom>
  </contact>
  <description value="Gibt die Teilnahme des Versicherten an einem Disease Management Program&#xD;&#xA;an. Das DMP-Kennzeichen findet derzeit aufgrund bilateraler vertraglicher&#xD;&#xA;Verpflichtungen von einzelnen Kostenträgern und Leistungserbringern noch&#xD;&#xA;Verwendung. Das DMP-Kennzeichen wird in diesem Zusammenhang als&#xD;&#xA;Angabe zum Nachweis von Wahltarifen nach § 53 SGB V bzw. der Angaben&#xD;&#xA;zum Nachweis von zusätzlichen Vertragsverhältnissen verwendet." />
  <fhirVersion value="4.0.1" />
  <mapping>
    <identity value="rim" />
    <uri value="http://hl7.org/v3" />
    <name value="RIM Mapping" />
  </mapping>
  <kind value="complex-type" />
  <abstract value="false" />
  <context>
    <type value="element" />
    <expression value="Coverage" />
  </context>
  <type value="Extension" />
  <baseDefinition value="http://hl7.org/fhir/StructureDefinition/Extension" />
  <derivation value="constraint" />
  <differential>
    <element id="Extension.url">
      <path value="Extension.url" />
      <fixedUri value="http://fhir.de/StructureDefinition/gkv/dmp-kennzeichen" />
    </element>
    <element id="Extension.value[x]">
      <path value="Extension.value[x]" />
      <type>
        <code value="Coding" />
      </type>
      <binding>
        <strength value="required" />
        <valueSet value="https://fhir.kbv.de/ValueSet/KBV_VS_SFHIR_KBV_DMP" />
      </binding>
    </element>
    <element id="Extension.value[x].system">
      <path value="Extension.value[x].system" />
      <min value="1" />
    </element>
    <element id="Extension.value[x].code">
      <path value="Extension.value[x].code" />
      <min value="1" />
    </element>
  </differential>
</StructureDefinition>