<StructureDefinition xmlns="http://hl7.org/fhir">
  <id value="normgroesse" />
  <url value="http://fhir.de/StructureDefinition/normgroesse" />
  <version value="0.9.12" />
  <name value="ExtensionNormgroesseDeBasis" />
  <status value="draft" />
  <date value="2020-05-14" />
  <description value="Die Packungsgrößenkennzeichnung für Medikamente ist eine in Deutschland bestehende Normierung der in der Apotheke abzugebenden Menge (Stückzahl bei Tabletten, Kapseln, Zäpfchen und anderen einzeldosierten Formen, Milliliter oder Gramm bei halbfesten und flüssigen Mitteln) eines Fertigarzneimittels im Rahmen der vertragsärztlichen Versorgung.&#xD;&#xA;Rechtsgrundlage der Normierung war bis 2010 die Packungsgrößenverordnung (PackungsV). Sie ordnete folgende drei Packungsgrößen zu – das N steht für Normgröße:&#xD;&#xA;&#xD;&#xA;N1 – kleine Packung&#xD;&#xA;N2 – mittlere Packung&#xD;&#xA;N3 – große Packung&#xD;&#xA;(siehe https://de.wikipedia.org/wiki/Packungsgr%C3%B6%C3%9Fenkennzeichnung)" />
  <fhirVersion value="4.0.1" />
  <mapping>
    <identity value="rim" />
    <uri value="http://hl7.org/v3" />
    <name value="RIM Mapping" />
  </mapping>
  <kind value="complex-type" />
  <abstract value="false" />
  <context>
    <type value="element" />
    <expression value="Medication" />
  </context>
  <context>
    <type value="element" />
    <expression value="MedicationRequest.dispenseRequest.quantity" />
  </context>
  <context>
    <type value="element" />
    <expression value="MedicationDispense.quantity" />
  </context>
  <type value="Extension" />
  <baseDefinition value="http://hl7.org/fhir/StructureDefinition/Extension" />
  <derivation value="constraint" />
  <differential>
    <element id="Extension.url">
      <path value="Extension.url" />
      <fixedUri value="http://fhir.de/StructureDefinition/normgroesse" />
    </element>
    <element id="Extension.value[x]">
      <path value="Extension.value[x]" />
      <type>
        <code value="code" />
      </type>
      <binding>
        <strength value="required" />
        <valueSet value="https://fhir.kbv.de/ValueSet/KBV_VS_SFHIR_KBV_NORMGROESSE" />
      </binding>
    </element>
  </differential>
</StructureDefinition>