<StructureDefinition xmlns="http://hl7.org/fhir">
  <id value="zuzahlungsstatus" />
  <url value="http://fhir.de/StructureDefinition/gkv/zuzahlungsstatus" />
  <version value="0.9.12" />
  <name value="ExtensionGkvZuzahlungsstatus" />
  <status value="draft" />
  <date value="2019-12-10" />
  <publisher value="HL7 Deutschland e.V. (Technisches Komitee FHIR)" />
  <contact>
    <telecom>
      <system value="url" />
      <value value="http://hl7.de/technische-komitees/fhir/" />
    </telecom>
  </contact>
  <description value="Gibt an, ob für den Versicherten eine Befreiung von der Zuzahlungspflicht nach § 62 Abs. 3 SGB V vorliegt." />
  <fhirVersion value="4.0.1" />
  <mapping>
    <identity value="rim" />
    <uri value="http://hl7.org/v3" />
    <name value="RIM Mapping" />
  </mapping>
  <kind value="complex-type" />
  <abstract value="false" />
  <context>
    <type value="element" />
    <expression value="Coverage" />
  </context>
  <type value="Extension" />
  <baseDefinition value="http://hl7.org/fhir/StructureDefinition/Extension" />
  <derivation value="constraint" />
  <differential>
    <element id="Extension.extension">
      <path value="Extension.extension" />
      <slicing>
        <discriminator>
          <type value="value" />
          <path value="url" />
        </discriminator>
        <rules value="open" />
      </slicing>
    </element>
    <element id="Extension.extension:status">
      <path value="Extension.extension" />
      <sliceName value="status" />
      <short value="Status der Befreiung" />
      <definition value="true = von Zuzahlungspflicht befreit&#xD;&#xA;false = von Zuzahlungspflicht nicht befreit " />
      <min value="1" />
      <max value="1" />
    </element>
    <element id="Extension.extension:status.url">
      <path value="Extension.extension.url" />
      <fixedUri value="status" />
    </element>
    <element id="Extension.extension:status.value[x]">
      <path value="Extension.extension.value[x]" />
      <short value="Status der Befreiung" />
      <definition value="true = von Zuzahlungspflicht befreit&#xD;&#xA;false = von Zuzahlungspflicht nicht befreit " />
      <type>
        <code value="boolean" />
      </type>
    </element>
    <element id="Extension.extension:gueltigBis">
      <path value="Extension.extension" />
      <sliceName value="gueltigBis" />
      <short value="Ende der Gültigkeit" />
    </element>
    <element id="Extension.extension:gueltigBis.url">
      <path value="Extension.extension.url" />
      <fixedUri value="gueltigBis" />
    </element>
    <element id="Extension.extension:gueltigBis.value[x]">
      <path value="Extension.extension.value[x]" />
      <short value="Ende der Gültigkeit" />
      <type>
        <code value="date" />
      </type>
    </element>
    <element id="Extension.url">
      <path value="Extension.url" />
      <fixedUri value="http://fhir.de/StructureDefinition/gkv/zuzahlungsstatus" />
    </element>
    <element id="Extension.value[x]">
      <path value="Extension.value[x]" />
      <max value="0" />
    </element>
  </differential>
</StructureDefinition>