<NamingSystem xmlns="http://hl7.org/fhir">
  <id value="namingSystem-arge-ik-iknr" />
  <meta>
    <profile value="http://fhir.de/StructureDefinition/namingsystem-de-basis" />
  </meta>
  <name value="ArgeIkIknr" />
  <status value="draft" />
  <kind value="identifier" />
  <date value="2017-09-15" />
  <publisher value="HL7 Deutschland e.V. (Technisches Komitee FHIR)" />
  <contact>
    <telecom>
      <system value="other" />
      <value value="http://hl7.de/technische-komitees/fhir/" />
    </telecom>
  </contact>
  <responsible value="Arbeitsgemeinschaft Institutionskennzeichen (ARGE-IK)" />
  <type>
    <coding>
      <system value="http://terminology.hl7.org/CodeSystem/v2-0203" />
      <code value="XX" />
    </coding>
  </type>
  <description value="Die Institutionskennzeichen (kurz: IK) sind bundesweit eindeutige, neunstellige Zahlen, mit deren Hilfe Abrechnungen und Qualitätssicherungsmaßnahmen im Bereich der deutschen Sozialversicherung einrichtungsübergreifend abgewickelt werden können. (siehe http://www.dguv.de/arge-ik/)" />
  <usage value="Das IK ist ein eindeutiges Merkmal für die Abrechnung mit den Trägern der Sozialversicherung." />
  <uniqueId>
    <type value="oid" />
    <value value="1.2.276.0.76.4.5" />
  </uniqueId>
  <uniqueId>
    <type value="uri" />
    <value value="http://fhir.de/NamingSystem/arge-ik/iknr" />
    <preferred value="true" />
    <period>
      <start value="2017-09-15" />
    </period>
  </uniqueId>
</NamingSystem>