<StructureDefinition xmlns="http://hl7.org/fhir">
  <id value="identifier-lanr" />
  <url value="http://fhir.de/StructureDefinition/identifier-lanr" />
  <version value="0.9.12" />
  <name value="IdentifierLanr" />
  <title value="Identifier-Profil für die Abbildung einer lebenslangen Arztnummer" />
  <status value="draft" />
  <date value="2019-08-08" />
  <description value="Identifier-Profil für die Abbildung einer lebenslangen Arztnummer" />
  <fhirVersion value="4.0.1" />
  <kind value="complex-type" />
  <abstract value="false" />
  <type value="Identifier" />
  <baseDefinition value="http://hl7.org/fhir/StructureDefinition/Identifier" />
  <derivation value="constraint" />
  <differential>
    <element id="Identifier.use">
      <path value="Identifier.use" />
      <fixedCode value="official" />
    </element>
    <element id="Identifier.type">
      <path value="Identifier.type" />
      <patternCodeableConcept>
        <coding>
          <system value="http://terminology.hl7.org/CodeSystem/v2-0203" />
          <code value="LANR" />
        </coding>
      </patternCodeableConcept>
    </element>
    <element id="Identifier.type.coding">
      <path value="Identifier.type.coding" />
      <slicing>
        <discriminator>
          <type value="value" />
          <path value="system" />
        </discriminator>
        <rules value="open" />
      </slicing>
      <min value="1" />
    </element>
    <element id="Identifier.type.coding:LANR-Type">
      <path value="Identifier.type.coding" />
      <sliceName value="LANR-Type" />
      <min value="1" />
      <max value="1" />
    </element>
    <element id="Identifier.type.coding:LANR-Type.system">
      <path value="Identifier.type.coding.system" />
      <min value="1" />
      <fixedUri value="http://terminology.hl7.org/CodeSystem/v2-0203" />
    </element>
    <element id="Identifier.type.coding:LANR-Type.code">
      <path value="Identifier.type.coding.code" />
      <min value="1" />
      <fixedCode value="LANR" />
    </element>
    <element id="Identifier.system">
      <path value="Identifier.system" />
      <min value="1" />
      <fixedUri value="https://fhir.kbv.de/NamingSystem/KBV_NS_Base_ANR" />
    </element>
    <element id="Identifier.value">
      <path value="Identifier.value" />
      <min value="1" />
      <constraint>
        <key value="lanr-1" />
        <severity value="warning" />
        <human value="Eine LANR muss neunstellig numerisch sein" />
        <expression value="matches('[0-9]{9}')" />
        <source value="http://fhir.de/StructureDefinition/identifier-lanr" />
      </constraint>
    </element>
    <element id="Identifier.assigner.identifier.system">
      <path value="Identifier.assigner.identifier.system" />
      <min value="1" />
      <fixedUri value="http://fhir.de/NamingSystem/arge-ik/iknr" />
    </element>
    <element id="Identifier.assigner.identifier.value">
      <path value="Identifier.assigner.identifier.value" />
      <min value="1" />
    </element>
    <element id="Identifier.assigner.display">
      <extension url="http://hl7.org/fhir/StructureDefinition/elementdefinition-translatable">
        <valueBoolean value="true" />
      </extension>
      <path value="Identifier.assigner.display" />
      <min value="1" />
    </element>
  </differential>
</StructureDefinition>