<StructureDefinition xmlns="http://hl7.org/fhir">
  <id value="identifier-zanr" />
  <url value="http://fhir.de/StructureDefinition/identifier-zanr" />
  <version value="0.9.12" />
  <name value="IdentifierZanr" />
  <title value="Identifier-Profil für die Abbildung einer lebenslangen Zahnarztnummer" />
  <status value="draft" />
  <date value="2020-03-17" />
  <description value="Identifier-Profil für die Abbildung einer lebenslangen Zahnarztnummer" />
  <fhirVersion value="4.0.1" />
  <kind value="complex-type" />
  <abstract value="false" />
  <type value="Identifier" />
  <baseDefinition value="http://hl7.org/fhir/StructureDefinition/Identifier" />
  <derivation value="constraint" />
  <differential>
    <element id="Identifier.use">
      <path value="Identifier.use" />
      <fixedCode value="official" />
    </element>
    <element id="Identifier.type">
      <path value="Identifier.type" />
      <patternCodeableConcept>
        <coding>
          <system value="http://fhir.de/CodeSystem/identifier-type-de-basis" />
          <code value="ZANR" />
        </coding>
      </patternCodeableConcept>
    </element>
    <element id="Identifier.type.coding">
      <path value="Identifier.type.coding" />
      <slicing>
        <discriminator>
          <type value="value" />
          <path value="system" />
        </discriminator>
        <rules value="open" />
      </slicing>
      <min value="1" />
    </element>
    <element id="Identifier.type.coding:ZANR-Type">
      <path value="Identifier.type.coding" />
      <sliceName value="ZANR-Type" />
      <min value="1" />
      <max value="1" />
    </element>
    <element id="Identifier.type.coding:ZANR-Type.system">
      <path value="Identifier.type.coding.system" />
      <min value="1" />
      <fixedUri value="http://fhir.de/CodeSystem/identifier-type-de-basis" />
    </element>
    <element id="Identifier.type.coding:ZANR-Type.code">
      <path value="Identifier.type.coding.code" />
      <min value="1" />
      <fixedCode value="ZANR" />
    </element>
    <element id="Identifier.system">
      <path value="Identifier.system" />
      <min value="1" />
      <fixedUri value="http://fhir.de/NamingSystem/kzbv/zahnarztnummer" />
    </element>
    <element id="Identifier.value">
      <path value="Identifier.value" />
      <min value="1" />
      <constraint>
        <key value="zanr-2" />
        <severity value="warning" />
        <human value="Die ZANR inclusive vorgesetzter Nummer der herausgebenden KZV muss 8-stellig numerisch sein" />
        <expression value="matches('[0-9]{8}')" />
        <source value="http://fhir.de/StructureDefinition/identifier-zanr" />
      </constraint>
    </element>
    <element id="Identifier.assigner.identifier.system">
      <path value="Identifier.assigner.identifier.system" />
      <min value="1" />
      <fixedUri value="http://fhir.de/NamingSystem/arge-ik/iknr" />
    </element>
    <element id="Identifier.assigner.identifier.value">
      <path value="Identifier.assigner.identifier.value" />
      <min value="1" />
    </element>
    <element id="Identifier.assigner.display">
      <extension url="http://hl7.org/fhir/StructureDefinition/elementdefinition-translatable">
        <valueBoolean value="true" />
      </extension>
      <path value="Identifier.assigner.display" />
      <min value="1" />
    </element>
  </differential>
</StructureDefinition>