<StructureDefinition xmlns="http://hl7.org/fhir">
  <id value="identifier-kvid-10" />
  <url value="http://fhir.de/StructureDefinition/identifier-kvid-10" />
  <version value="0.9.12" />
  <name value="IdentifierKvid10" />
  <title value="Identifier-Profil für die 10-stellige Krankenversichertennummer" />
  <status value="draft" />
  <date value="2019-07-06" />
  <description value="Identifier-Profil für die 10-stellige Krankenversichertennummer" />
  <fhirVersion value="4.0.1" />
  <kind value="complex-type" />
  <abstract value="false" />
  <type value="Identifier" />
  <baseDefinition value="http://hl7.org/fhir/StructureDefinition/Identifier" />
  <derivation value="constraint" />
  <differential>
    <element id="Identifier.use">
      <path value="Identifier.use" />
      <fixedCode value="official" />
    </element>
    <element id="Identifier.type.coding">
      <path value="Identifier.type.coding" />
      <slicing>
        <discriminator>
          <type value="value" />
          <path value="system" />
        </discriminator>
        <rules value="open" />
      </slicing>
      <min value="1" />
    </element>
    <element id="Identifier.type.coding:GKV-Type">
      <path value="Identifier.type.coding" />
      <sliceName value="GKV-Type" />
      <min value="1" />
      <max value="1" />
    </element>
    <element id="Identifier.type.coding:GKV-Type.system">
      <path value="Identifier.type.coding.system" />
      <min value="1" />
      <fixedUri value="http://fhir.de/CodeSystem/identifier-type-de-basis" />
    </element>
    <element id="Identifier.type.coding:GKV-Type.code">
      <path value="Identifier.type.coding.code" />
      <min value="1" />
      <fixedCode value="GKV" />
    </element>
    <element id="Identifier.system">
      <path value="Identifier.system" />
      <min value="1" />
      <fixedUri value="http://fhir.de/NamingSystem/gkv/kvid-10" />
    </element>
    <element id="Identifier.value">
      <path value="Identifier.value" />
      <min value="1" />
      <constraint>
        <key value="kvid-1" />
        <severity value="warning" />
        <human value="Der unveränderliche Teil der KVID muss 10-stellig sein und mit einem Großbuchstaben anfangen" />
        <expression value="matches('^[A-Z][0-9]{9}$')" />
        <source value="http://fhir.de/StructureDefinition/identifier-kvid-10" />
      </constraint>
    </element>
  </differential>
</StructureDefinition>