<StructureDefinition xmlns="http://hl7.org/fhir">
  <id value="identifier-pseudo-kvid" />
  <url value="http://fhir.de/StructureDefinition/identifier-pseudo-kvid" />
  <version value="0.9.12" />
  <name value="IdentifierPseudoKvid" />
  <title value="Identifier-Profil für die pseudonymisierte Krankenversichertennummer" />
  <status value="draft" />
  <date value="2019-12-06" />
  <description value="Identifier-Profil für die pseudonymisierte Krankenversichertennummer (Wird für Registermeldungen verwendet)" />
  <fhirVersion value="4.0.1" />
  <kind value="complex-type" />
  <abstract value="false" />
  <type value="Identifier" />
  <baseDefinition value="http://hl7.org/fhir/StructureDefinition/Identifier" />
  <derivation value="constraint" />
  <differential>
    <element id="Identifier.use">
      <path value="Identifier.use" />
      <fixedCode value="official" />
    </element>
    <element id="Identifier.type.coding">
      <path value="Identifier.type.coding" />
      <slicing>
        <discriminator>
          <type value="value" />
          <path value="system" />
        </discriminator>
        <rules value="open" />
      </slicing>
      <min value="1" />
    </element>
    <element id="Identifier.type.coding:GKV-Type">
      <path value="Identifier.type.coding" />
      <sliceName value="GKV-Type" />
      <min value="1" />
      <max value="1" />
    </element>
    <element id="Identifier.type.coding:GKV-Type.system">
      <path value="Identifier.type.coding.system" />
      <min value="1" />
      <fixedUri value="http://fhir.de/CodeSystem/identifier-type-de-basis" />
    </element>
    <element id="Identifier.type.coding:GKV-Type.code">
      <path value="Identifier.type.coding.code" />
      <min value="1" />
      <fixedCode value="GKV" />
    </element>
    <element id="Identifier.system">
      <path value="Identifier.system" />
      <min value="1" />
      <fixedUri value="http://fhir.de/NamingSystem/gkv/pseudo-kvid" />
    </element>
    <element id="Identifier.value">
      <path value="Identifier.value" />
      <min value="1" />
    </element>
  </differential>
</StructureDefinition>