<ValueSet xmlns="http://hl7.org/fhir">
  <id value="1.2.276.0.76.11.37--20190517134631" />
  <meta>
    <profile value="http://hl7.org/fhir/StructureDefinition/shareablevalueset" />
    <!--<profile value="http://hl7.org/fhir/4.0/StructureDefinition/ValueSet"/>-->
  </meta>
  <extension url="http://hl7.org/fhir/StructureDefinition/resource-effectivePeriod">
    <valuePeriod>
      <start value="2019-05-17T13:46:31+01:00" />
    </valuePeriod>
  </extension>
  <url value="http://ihe-d.de/ValueSets/IHEXDSpracticeSettingCode" />
  <identifier>
    <use value="official" />
    <system value="http://art-decor.org/ns/oids/vs" />
    <value value="1.2.276.0.76.11.37" />
  </identifier>
  <version value="2019-05-17T13:46:31" />
  <name value="IHEXDSpracticeSettingCode" />
  <title value="IHE XDS practiceSettingCode" />
  <status value="draft" />
  <experimental value="false" />
  <publisher value="IHE Deutschland e.V." />
  <description value="practiceSettingCode (XDSDocumentEntry)&#xA;The code for an XDS Document that specifies the clinical specialty where the act that resulted in the document was performed (e.g., Family Practice, Laboratory, Radiology)." />
  <immutable value="false" />
  <compose>
    <include>
      <valueSet value="http://art-decor.org/fhir/ValueSet/1.2.276.0.76.11.69--20190405083559" />
    </include>
    <include>
      <valueSet value="http://art-decor.org/fhir/ValueSet/1.2.276.0.76.11.70--20200807062612" />
    </include>
  </compose>
</ValueSet>