<ValueSet xmlns="http://hl7.org/fhir">
  <id value="1.2.276.0.76.11.31--20180713132208" />
  <meta>
    <profile value="http://hl7.org/fhir/StructureDefinition/shareablevalueset" />
    <!--<profile value="http://hl7.org/fhir/4.0/StructureDefinition/ValueSet"/>-->
  </meta>
  <extension url="http://hl7.org/fhir/StructureDefinition/resource-effectivePeriod">
    <valuePeriod>
      <start value="2018-07-13T13:22:08+01:00" />
    </valuePeriod>
  </extension>
  <url value="http://ihe-d.de/ValueSets/IHEXDSauthorSpeciality" />
  <identifier>
    <use value="official" />
    <system value="http://art-decor.org/ns/oids/vs" />
    <value value="1.2.276.0.76.11.31" />
  </identifier>
  <version value="2018-07-13T13:22:08" />
  <name value="IHEXDSauthorSpeciality" />
  <title value="IHE XDS authorSpecialty" />
  <status value="active" />
  <experimental value="false" />
  <publisher value="IHE Deutschland e.V." />
  <description value="authorSpecialty (XDSDocumentEntry or XDSSubmissionSet)Represents a specific specialty within a healthcare facility under which the human and/or machines authored the XDS Document or XDS SubmissionSet" />
  <immutable value="false" />
  <compose>
    <include>
      <system value="urn:oid:1.2.276.0.76.5.114" />
      <concept>
        <code value="010" />
        <display value="FA Allgemeinmedizin" />
      </concept>
      <concept>
        <code value="020" />
        <display value="FA Anästhesiologie" />
      </concept>
      <concept>
        <code value="030" />
        <display value="FA Augenheilkunde" />
      </concept>
      <concept>
        <code value="050" />
        <display value="FA Frauenheilkunde und Geburtshilfe" />
      </concept>
      <concept>
        <code value="060" />
        <display value="FA Hals-, Nasen-, Ohrenheilkunde" />
      </concept>
      <concept>
        <code value="070" />
        <display value="FA Haut- und Geschlechtskrankheiten" />
      </concept>
      <concept>
        <code value="080" />
        <display value="FA Innere Medizin" />
      </concept>
      <concept>
        <code value="091" />
        <display value="SP Kinderkardiologie" />
      </concept>
      <concept>
        <code value="093" />
        <display value="SP Neonatologie" />
      </concept>
      <concept>
        <code value="102" />
        <display value="FA Kinder- und Jugendpsychiatrie und -psychotherapie" />
      </concept>
      <concept>
        <code value="110" />
        <display value="FA Laboratoriumsmedizin" />
      </concept>
      <concept>
        <code value="130" />
        <display value="FA Mund-Kiefer-Gesichts-Chirurgie" />
      </concept>
      <concept>
        <code value="142" />
        <display value="FA Neurologie" />
      </concept>
      <concept>
        <code value="147" />
        <display value="FA Psychiatrie und Psychotherapie" />
      </concept>
      <concept>
        <code value="150" />
        <display value="FA Neurochirurgie" />
      </concept>
      <concept>
        <code value="170" />
        <display value="FA Pathologie" />
      </concept>
      <concept>
        <code value="180" />
        <display value="FA Pharmakologie und Toxikologie" />
      </concept>
      <concept>
        <code value="196" />
        <display value="SP Kinderradiologie" />
      </concept>
      <concept>
        <code value="197" />
        <display value="SP Neuroradiologie" />
      </concept>
      <concept>
        <code value="200" />
        <display value="FA Urologie" />
      </concept>
      <concept>
        <code value="210" />
        <display value="FA Arbeitsmedizin" />
      </concept>
      <concept>
        <code value="220" />
        <display value="FA Nuklearmedizin" />
      </concept>
      <concept>
        <code value="230" />
        <display value="FA Öffentliches Gesundheitswesen" />
      </concept>
      <concept>
        <code value="240" />
        <display value="FA Rechtsmedizin" />
      </concept>
      <concept>
        <code value="250" />
        <display value="FA Hygiene und Umweltmedizin" />
      </concept>
      <concept>
        <code value="271" />
        <display value="FA Neuropathologie" />
      </concept>
      <concept>
        <code value="281" />
        <display value="FA Klinische Pharmakologie" />
      </concept>
      <concept>
        <code value="291" />
        <display value="FA Strahlentherapie" />
      </concept>
      <concept>
        <code value="301" />
        <display value="FA Anatomie" />
      </concept>
      <concept>
        <code value="302" />
        <display value="FA Biochemie" />
      </concept>
      <concept>
        <code value="303" />
        <display value="FA Transfusionsmedizin" />
      </concept>
      <concept>
        <code value="304" />
        <display value="FA Kinderchirurgie" />
      </concept>
      <concept>
        <code value="308" />
        <display value="FA Physiologie" />
      </concept>
      <concept>
        <code value="313" />
        <display value="FA Herzchirurgie" />
      </concept>
      <concept>
        <code value="314" />
        <display value="FA Humangenetik" />
      </concept>
      <concept>
        <code value="330" />
        <display value="FA Physikalische und Rehabilitative Medizin" />
      </concept>
      <concept>
        <code value="341" />
        <display value="FA Kinder-und Jugendmedizin" />
      </concept>
      <concept>
        <code value="359" />
        <display value="Fachzahnarzt für Mikrobiologie" />
      </concept>
      <concept>
        <code value="360" />
        <display value="Fachzahnarzt für Kieferchirurgie (§ 6 Abs. 1 BMV)" />
      </concept>
      <concept>
        <code value="361" />
        <display value="Fachzahnarzt für theoretisch-experimentelle Medizin" />
      </concept>
      <concept>
        <code value="511" />
        <display value="FA Gefäßchirurgie" />
      </concept>
      <concept>
        <code value="512" />
        <display value="FA Orthopädie und Unfallchirurgie" />
      </concept>
      <concept>
        <code value="513" />
        <display value="FA Thoraxchirurgie" />
      </concept>
      <concept>
        <code value="514" />
        <display value="FA Visceralchirurgie" />
      </concept>
      <concept>
        <code value="515" />
        <display value="SP Gynäkologische Onkologie" />
      </concept>
      <concept>
        <code value="516" />
        <display value="SP Gynäkologische Endokrinologie und Reproduktionsmedizin" />
      </concept>
      <concept>
        <code value="517" />
        <display value="SP Spezielle Geburtshilfe und Perinatalmedizin" />
      </concept>
      <concept>
        <code value="518" />
        <display value="FA Sprach-, Stimm- und kindliche Hörstörungen" />
      </concept>
      <concept>
        <code value="521" />
        <display value="FA Innere Medizin und (SP) Angiologie" />
      </concept>
      <concept>
        <code value="522" />
        <display value="FA Innere Medizin und (SP) Endokrinologie und Diabetologie" />
      </concept>
      <concept>
        <code value="523" />
        <display value="FA Innere Medizin und (SP) Gastroenterologie" />
      </concept>
      <concept>
        <code value="524" />
        <display value="FA Innere Medizin und (SP) Hämatologie und Onkologie" />
      </concept>
      <concept>
        <code value="525" />
        <display value="FA Innere Medizin und (SP) Kardiologie" />
      </concept>
      <concept>
        <code value="526" />
        <display value="FA Innere Medizin und (SP) Nephrologie" />
      </concept>
      <concept>
        <code value="527" />
        <display value="FA Innere Medizin und (SP) Pneumologie" />
      </concept>
      <concept>
        <code value="528" />
        <display value="FA Innere Medizin und (SP) Rheumatologie" />
      </concept>
      <concept>
        <code value="530" />
        <display value="SP Kinder-Hämatologie und -Onkologie" />
      </concept>
      <concept>
        <code value="531" />
        <display value="SP Neuropädiatrie" />
      </concept>
      <concept>
        <code value="532" />
        <display value="FA Mikrobiologie, Virologie und Infektionsepidemiologie" />
      </concept>
      <concept>
        <code value="533" />
        <display value="SP Forensische Psychiatrie" />
      </concept>
      <concept>
        <code value="534" />
        <display value="FA Psychosomatische Medizin und Psychotherapie" />
      </concept>
      <concept>
        <code value="535" />
        <display value="FA Radiologie (neue (M-)WBO)" />
      </concept>
      <concept>
        <code value="542" />
        <display value="FA Plastische und Ästhetische Chirurgie" />
      </concept>
      <concept>
        <code value="544" />
        <display value="FA Allgemeinchirurgie" />
      </concept>
    </include>
    <include>
      <system value="http://ihe-d.de/CodeSystems/QualifikationenNichtAerztlicherAutoren" />
      <concept>
        <code value="1" />
        <display value="Gesundheits- Sozial-, Sportmanagement" />
      </concept>
      <concept>
        <code value="2" />
        <display value="Arzthilfe, Praxisorganisation, -verwaltung" />
      </concept>
      <concept>
        <code value="3" />
        <display value="Kaufmann/-frau - Gesundheitswesen" />
      </concept>
      <concept>
        <code value="4" />
        <display value="Medizinischer Fachangestellter" />
      </concept>
      <concept>
        <code value="6" />
        <display value="Zahnmedizinischer Fachangestellter" />
      </concept>
      <concept>
        <code value="7" />
        <display value="Arztsekretär" />
      </concept>
      <concept>
        <code value="8" />
        <display value="Sozial-, Gesundheitsmanagement" />
      </concept>
      <concept>
        <code value="9" />
        <display value="Gesundheitsaufseher / Hygienekontrolleur" />
      </concept>
      <concept>
        <code value="10" />
        <display value="Assistent Gesundheits- und Sozialwesen" />
      </concept>
      <concept>
        <code value="11" />
        <display value="Beamte Sozialversicherung" />
      </concept>
      <concept>
        <code value="12" />
        <display value="Beamte Sozialverwaltung" />
      </concept>
      <concept>
        <code value="13" />
        <display value="Betriebswirt  Sozialversicherung" />
      </concept>
      <concept>
        <code value="14" />
        <display value="Gesundheitsmanager" />
      </concept>
      <concept>
        <code value="15" />
        <display value="Sozialökonom, -wirt" />
      </concept>
      <concept>
        <code value="16" />
        <display value="Sozialversicherungsfachangestellte" />
      </concept>
      <concept>
        <code value="17" />
        <display value="Sportmanagement" />
      </concept>
      <concept>
        <code value="18" />
        <display value="Sportassistent" />
      </concept>
      <concept>
        <code value="19" />
        <display value="Fachwirt Fitness" />
      </concept>
      <concept>
        <code value="20" />
        <display value="Sport- und Fitnesskaufmann" />
      </concept>
      <concept>
        <code value="21" />
        <display value="Sportmanager, Sportökonom" />
      </concept>
      <concept>
        <code value="22" />
        <display value="nichtärztliche medizinische Analyse, Beratung, Pflege, Therapie" />
      </concept>
      <concept>
        <code value="23" />
        <display value="Gesundheitsberatung, -förderung" />
      </concept>
      <concept>
        <code value="24" />
        <display value="Assistenten für Gesundheitstourismus,  -prophylaxe" />
      </concept>
      <concept>
        <code value="25" />
        <display value="Diätassistent" />
      </concept>
      <concept>
        <code value="26" />
        <display value="Gesundheitsförderer, -pädagoge" />
      </concept>
      <concept>
        <code value="27" />
        <display value="Gesundheitswissenschaftler" />
      </concept>
      <concept>
        <code value="28" />
        <display value="Oekotrophologe" />
      </concept>
      <concept>
        <code value="29" />
        <display value="Tai-Chi-Chuan- und Qigong-Lehrer" />
      </concept>
      <concept>
        <code value="30" />
        <display value="Yogalehrer" />
      </concept>
      <concept>
        <code value="31" />
        <display value="Sportfachmann" />
      </concept>
      <concept>
        <code value="32" />
        <display value="Sportwissenschaftler" />
      </concept>
      <concept>
        <code value="33" />
        <display value="Kranken-, Altenpflege, Geburtshilfe" />
      </concept>
      <concept>
        <code value="34" />
        <display value="Altenpflegehelfer" />
      </concept>
      <concept>
        <code value="35" />
        <display value="Altenpfleger" />
      </concept>
      <concept>
        <code value="36" />
        <display value="Fachkraft Pflegeassistenz" />
      </concept>
      <concept>
        <code value="37" />
        <display value="Gesundheits- und Kinderkrankenpfleger" />
      </concept>
      <concept>
        <code value="38" />
        <display value="Gesundheits- und Krankenpflegehelfer" />
      </concept>
      <concept>
        <code value="39" />
        <display value="Gesundheits- und Krankenpfleger" />
      </concept>
      <concept>
        <code value="40" />
        <display value="Haus- und Familienpfleger" />
      </concept>
      <concept>
        <code value="41" />
        <display value="Hebamme / Entbindungspfleger" />
      </concept>
      <concept>
        <code value="42" />
        <display value="Heilerziehungspfleger" />
      </concept>
      <concept>
        <code value="43" />
        <display value="Helfer Altenpflege" />
      </concept>
      <concept>
        <code value="44" />
        <display value="Helfer stationäre Krankenpflege" />
      </concept>
      <concept>
        <code value="45" />
        <display value="Heilerziehungspflegehelfer" />
      </concept>
      <concept>
        <code value="46" />
        <display value="Pflegewissenschaftler" />
      </concept>
      <concept>
        <code value="47" />
        <display value="Nichtärztliche Behandlung, Therapie (außer Psychotherapie)" />
      </concept>
      <concept>
        <code value="48" />
        <display value="Akademischer Sprachtherapeut" />
      </concept>
      <concept>
        <code value="49" />
        <display value="Atem-, Sprech- und Stimmlehrer" />
      </concept>
      <concept>
        <code value="50" />
        <display value="Ergotherapeut" />
      </concept>
      <concept>
        <code value="51" />
        <display value="Fachangestellter für Bäderbetriebe" />
      </concept>
      <concept>
        <code value="52" />
        <display value="Heilpraktiker" />
      </concept>
      <concept>
        <code value="53" />
        <display value="Klinischer Linguist" />
      </concept>
      <concept>
        <code value="54" />
        <display value="Kunsttherapeut" />
      </concept>
      <concept>
        <code value="55" />
        <display value="Logopäde" />
      </concept>
      <concept>
        <code value="56" />
        <display value="Masseur und medizinische Bademeister" />
      </concept>
      <concept>
        <code value="57" />
        <display value="Motologe" />
      </concept>
      <concept>
        <code value="58" />
        <display value="Musiktherapeut" />
      </concept>
      <concept>
        <code value="59" />
        <display value="Orthoptist" />
      </concept>
      <concept>
        <code value="60" />
        <display value="Physiotherapeut" />
      </concept>
      <concept>
        <code value="61" />
        <display value="Podologe" />
      </concept>
      <concept>
        <code value="62" />
        <display value="Sporttherapeut" />
      </concept>
      <concept>
        <code value="63" />
        <display value="Sprechwissenschaftler" />
      </concept>
      <concept>
        <code value="64" />
        <display value="Staatlich anerkannter Sprachtherapeut" />
      </concept>
      <concept>
        <code value="65" />
        <display value="Stomatherapeut" />
      </concept>
      <concept>
        <code value="66" />
        <display value="Tanz- und Bewegungstherapeut" />
      </concept>
      <concept>
        <code value="68" />
        <display value="Sozialtherapeut" />
      </concept>
      <concept>
        <code value="69" />
        <display value="Pharmazeutische Beratung, Pharmavertrieb" />
      </concept>
      <concept>
        <code value="70" />
        <display value="Apotheker /Fachapotheker" />
      </concept>
      <concept>
        <code value="71" />
        <display value="Pharmazeut" />
      </concept>
      <concept>
        <code value="72" />
        <display value="Pharmazeutisch-technischer Assistent – PTA" />
      </concept>
      <concept>
        <code value="73" />
        <display value="Pharmazeutisch-kaufmännischer Angestellter" />
      </concept>
      <concept>
        <code value="74" />
        <display value="Psychologische Analyse, Beratung, Therapie" />
      </concept>
      <concept>
        <code value="75" />
        <display value="Gesundheits- und Rehabilitationspsychologe" />
      </concept>
      <concept>
        <code value="76" />
        <display value="Kinder- und Jugendpsychotherapeut" />
      </concept>
      <concept>
        <code value="77" />
        <display value="Klinischer Psychologe" />
      </concept>
      <concept>
        <code value="78" />
        <display value="Kommunikationspsychologe" />
      </concept>
      <concept>
        <code value="79" />
        <display value="Pädagogischer Psychologe" />
      </concept>
      <concept>
        <code value="80" />
        <display value="Psychoanalytiker" />
      </concept>
      <concept>
        <code value="81" />
        <display value="Psychologe" />
      </concept>
      <concept>
        <code value="82" />
        <display value="Psychologischer Psychotherapeut" />
      </concept>
      <concept>
        <code value="83" />
        <display value="Sportpsychologe" />
      </concept>
      <concept>
        <code value="84" />
        <display value="Verkehrspsychologe" />
      </concept>
      <concept>
        <code value="85" />
        <display value="Wirtschaftspsychologe" />
      </concept>
      <concept>
        <code value="86" />
        <display value="Rettungsdienst" />
      </concept>
      <concept>
        <code value="87" />
        <display value="Ingenieur Rettungswesen" />
      </concept>
      <concept>
        <code value="88" />
        <display value="Notfallsanitäter" />
      </concept>
      <concept>
        <code value="89" />
        <display value="Rettungsassistent" />
      </concept>
      <concept>
        <code value="90" />
        <display value="Rettungshelfer" />
      </concept>
      <concept>
        <code value="91" />
        <display value="Rettungssanitäter" />
      </concept>
      <concept>
        <code value="92" />
        <display value="med. Datenverarbeitung" />
      </concept>
      <concept>
        <code value="94" />
        <display value="Medizinischer Dokumentar" />
      </concept>
      <concept>
        <code value="95" />
        <display value="Medizinischer Dokumentationsassistent" />
      </concept>
      <concept>
        <code value="173" />
        <display value="Fachangestellter f. Medien- und Informationsdienste - Medizinische Dokumentation" />
      </concept>
      <concept>
        <code value="174" />
        <display value="Medizinischer Informationsmanager" />
      </concept>
      <concept>
        <code value="96" />
        <display value="Soziales, Pädagogik" />
      </concept>
      <concept>
        <code value="97" />
        <display value="Kinderbetreuung, -erziehung" />
      </concept>
      <concept>
        <code value="98" />
        <display value="Pädagoge" />
      </concept>
      <concept>
        <code value="99" />
        <display value="Kinderdorfmutter, -vater" />
      </concept>
      <concept>
        <code value="100" />
        <display value="Kinderpfleger" />
      </concept>
      <concept>
        <code value="101" />
        <display value="Erzieher" />
      </concept>
      <concept>
        <code value="102" />
        <display value="Erzieher Jugend- und Heimerziehung" />
      </concept>
      <concept>
        <code value="103" />
        <display value="Lehrer" />
      </concept>
      <concept>
        <code value="104" />
        <display value="Orientierungs- und Mobilitätslehrer " />
      </concept>
      <concept>
        <code value="105" />
        <display value="Medien-, Kulturpädagogik" />
      </concept>
      <concept>
        <code value="106" />
        <display value="Musikpädagoge" />
      </concept>
      <concept>
        <code value="107" />
        <display value="Sozialberatung, -arbeit" />
      </concept>
      <concept>
        <code value="108" />
        <display value="Sozialarbeiter / Sozialpädagoge" />
      </concept>
      <concept>
        <code value="109" />
        <display value="Betreuungskraft / Alltagsbegleiter" />
      </concept>
      <concept>
        <code value="110" />
        <display value="Gerontologe" />
      </concept>
      <concept>
        <code value="111" />
        <display value="Psychosozialer Prozessbegleiter" />
      </concept>
      <concept>
        <code value="112" />
        <display value="Rehabilitationspädagoge" />
      </concept>
      <concept>
        <code value="113" />
        <display value="Sozialassistent" />
      </concept>
      <concept>
        <code value="114" />
        <display value="Seelsorge" />
      </concept>
      <concept>
        <code value="115" />
        <display value="Religionspädagoge" />
      </concept>
      <concept>
        <code value="116" />
        <display value="Gemeindehelfer, Gemeindediakon" />
      </concept>
      <concept>
        <code value="117" />
        <display value="Theologe" />
      </concept>
      <concept>
        <code value="118" />
        <display value="Medizintechnik, Laboranalyse" />
      </concept>
      <concept>
        <code value="119" />
        <display value="Medizin-, Orthopädie- und Rehatechnik" />
      </concept>
      <concept>
        <code value="120" />
        <display value="Assistent Medizinische Gerätetechnik" />
      </concept>
      <concept>
        <code value="121" />
        <display value="Augenoptiker" />
      </concept>
      <concept>
        <code value="122" />
        <display value="Hörakustiker / Hörgeräteakustiker" />
      </concept>
      <concept>
        <code value="123" />
        <display value="Hörgeräteakustikermeister" />
      </concept>
      <concept>
        <code value="124" />
        <display value="Ingenieur Augenoptik " />
      </concept>
      <concept>
        <code value="125" />
        <display value="Ingenieur - Hörtechnik und Audiologie" />
      </concept>
      <concept>
        <code value="126" />
        <display value="Ingenieur - Medizintechnik" />
      </concept>
      <concept>
        <code value="127" />
        <display value="Ingenieur - Orthopädie- und Rehatechnik" />
      </concept>
      <concept>
        <code value="128" />
        <display value="Medizinphysiker (z.B. in Strahlenmedizin)" />
      </concept>
      <concept>
        <code value="129" />
        <display value="Orthopädieschuhmacher" />
      </concept>
      <concept>
        <code value="130" />
        <display value="Orthopädietechnik-Mechaniker" />
      </concept>
      <concept>
        <code value="131" />
        <display value="Zahntechniker" />
      </concept>
      <concept>
        <code value="132" />
        <display value="Glasbläser (Fachrichtung Kunstaugen)" />
      </concept>
      <concept>
        <code value="133" />
        <display value="staatlich geprüfter Techniker der Fachrichtung Medizintechnik" />
      </concept>
      <concept>
        <code value="134" />
        <display value="Medizinisch-technische Assistenz" />
      </concept>
      <concept>
        <code value="135" />
        <display value="Anästhesietechnischer Assistent" />
      </concept>
      <concept>
        <code value="136" />
        <display value="HNO Audiologieassistent" />
      </concept>
      <concept>
        <code value="137" />
        <display value="Medizinisch-Technischer Assistent Funktionsdiagnostik – MTA-F" />
      </concept>
      <concept>
        <code value="138" />
        <display value="Medizinisch-Technischer Laboratoriumsassistent – MTA-L" />
      </concept>
      <concept>
        <code value="139" />
        <display value="Medizinisch-Technischer Radiologieassistent – MTA-R" />
      </concept>
      <concept>
        <code value="140" />
        <display value="Operationstechnischer Angestellter" />
      </concept>
      <concept>
        <code value="141" />
        <display value="Operationstechnischer Assistent" />
      </concept>
      <concept>
        <code value="143" />
        <display value="Zytologieassistent" />
      </concept>
      <concept>
        <code value="144" />
        <display value="Chemie, naturwissenschaftliche Laboranalyse (außer MTA)" />
      </concept>
      <concept>
        <code value="145" />
        <display value="Biochemiker (z.B. klinische Chemie)" />
      </concept>
      <concept>
        <code value="146" />
        <display value="Chemiker (z.B. klinische Chemie)" />
      </concept>
      <concept>
        <code value="147" />
        <display value="Humangenetiker" />
      </concept>
      <concept>
        <code value="148" />
        <display value="Mikrobiologe" />
      </concept>
      <concept>
        <code value="149" />
        <display value="Dienstleistungen am Menschen (außer medizinische)" />
      </concept>
      <concept>
        <code value="150" />
        <display value="Körperpflege" />
      </concept>
      <concept>
        <code value="151" />
        <display value="Fachkraft Beauty und Wellness" />
      </concept>
      <concept>
        <code value="152" />
        <display value="Friseur" />
      </concept>
      <concept>
        <code value="153" />
        <display value="Kosmetiker" />
      </concept>
      <concept>
        <code value="154" />
        <display value="Bestattungswesen" />
      </concept>
      <concept>
        <code value="155" />
        <display value="Bestattungsfachkraft" />
      </concept>
      <concept>
        <code value="156" />
        <display value="Berufe aus sonstigen Berufsfeldern" />
      </concept>
      <concept>
        <code value="157" />
        <display value="Umwelt" />
      </concept>
      <concept>
        <code value="165" />
        <display value="Jurist" />
      </concept>
      <concept>
        <code value="169" />
        <display value="Taxifahrer bei Krankentransport" />
      </concept>
    </include>
  </compose>
</ValueSet>