<ValueSet xmlns="http://hl7.org/fhir">
  <id value="1.2.276.0.76.11.32--20180713132315" />
  <meta>
    <profile value="http://hl7.org/fhir/StructureDefinition/shareablevalueset" />
    <!--<profile value="http://hl7.org/fhir/4.0/StructureDefinition/ValueSet"/>-->
  </meta>
  <extension url="http://hl7.org/fhir/StructureDefinition/resource-effectivePeriod">
    <valuePeriod>
      <start value="2018-07-13T13:23:15+01:00" />
    </valuePeriod>
  </extension>
  <url value="http://ihe-d.de/ValueSets/IHEXDSclassCode" />
  <identifier>
    <use value="official" />
    <system value="http://art-decor.org/ns/oids/vs" />
    <value value="1.2.276.0.76.11.32" />
  </identifier>
  <version value="2018-07-13T13:23:15" />
  <name value="IHEXDSclassCode" />
  <title value="IHE XDS classCode" />
  <status value="active" />
  <experimental value="false" />
  <publisher value="IHE Deutschland e.V." />
  <description value="classCode (XDSDocumentEntry) A high-level classification of XDS Documents that indicates the kind of document, e.g., report, summary, note, consent." />
  <immutable value="false" />
  <compose>
    <include>
      <system value="http://loinc.org" />
      <concept>
        <extension url="http://hl7.org/fhir/StructureDefinition/valueset-concept-comments">
          <valueString value="IHE BPPC verwendet laut IHE ITI TF-3 Rev 12.1 (5.1.2.1.1.1) diesen Class Code für &quot;Patient Privacy Consent Acknowledgment Documents&quot;, d.h. Patienteneinwilligungen, die auf vordefinierte Zugriffsregelungen verweisen." />
        </extension>
        <code value="57016-8" />
        <display value="Patienteneinverständniserklärung" />
      </concept>
    </include>
    <include>
      <system value="http://ihe-d.de/CodeSystems/IHEXDSclassCode" />
      <concept>
        <extension url="http://hl7.org/fhir/StructureDefinition/valueset-concept-comments">
          <valueString value="Anträge, Aufklärung, Bescheinigungen; auch juristische Dokumente, Vereinbarungen und Verträge; Anmeldungen, Regelungen, Einwilligungen, Bestellungen, Rechnungen, Bescheide, Anordnungen (im juristischen Sinne), Aufträge, Ausweise (außer medizinische Ausweise wie Impfpässe, siehe Konzept AUS (&quot;Medizinischer Ausweis&quot;)), Meldungen, Qualitätssicherungsdokumente" />
        </extension>
        <code value="ADM" />
        <display value="Administratives Dokument" />
      </concept>
      <concept>
        <extension url="http://hl7.org/fhir/StructureDefinition/valueset-concept-comments">
          <valueString value="Anforderung von Diagnostik oder therapeutischen Interventionen; Ausnahmen: nicht medizinische Anforderungen werden über &quot;Administratives Dokument&quot; abgedeckt." />
        </extension>
        <code value="ANF" />
        <display value="Anforderung" />
      </concept>
      <concept>
        <extension url="http://hl7.org/fhir/StructureDefinition/valueset-concept-comments">
          <valueString value="Bewertungsbögen zur Bestimmung von Scores und ähnlichen Kennwerten zum gesundheitlichen Zustand des Patienten, die primär der Behandlung des Patienten dienen - sonst handelt es sich um das Konzept GUT (&quot;Qualitätsmanagement&quot;)" />
        </extension>
        <code value="ASM" />
        <display value="Assessment" />
      </concept>
      <concept>
        <extension url="http://hl7.org/fhir/StructureDefinition/valueset-concept-comments">
          <valueString value="Befundberichte von bildgebenden Modalitäten (CT, MRT), weiterer Funktionsdiagnostik (EEG, EKG), sowie manuellen Untersuchungen; solange es keine spezifischeren classCodes gibt (z.B LAB &quot;Laborergebnisse&quot;). Eine weitere Spezialisierung der Befundberichte (z.B. Histopathologie)  kann über den typeCode realisiert werden, insofern sie nicht über den practiceSettingCode abgebildet werden." />
        </extension>
        <code value="BEF" />
        <display value="Befundbericht" />
      </concept>
      <concept>
        <extension url="http://hl7.org/fhir/StructureDefinition/valueset-concept-comments">
          <valueString value="Unter diesem Konzept werden alle Dokumente zusammengefasst, deren Ziel es ist, einen Sachverhalt optisch darzustellen. Beispiele sind Röntgen-, MRT-, CT-Aufnahmen oder Fotos von Wunden, Körperteilen oder ähnlichem. Bilder von Textdokumenten werden nach dem enthaltenen Text klassiert, Videodokumente unter Videodaten." />
        </extension>
        <code value="BIL" />
        <display value="Bilddaten" />
      </concept>
      <concept>
        <extension url="http://hl7.org/fhir/StructureDefinition/valueset-concept-comments">
          <valueString value="Alle Varianten von Arztbriefen wie Überweisungsbrief, Entlassbrief, etc. sowie weitere zusammenfassende Dokumente mit einer ärztlichen oder pflegerischen Bewertung der Fakten. Befundberichte werden über das Konzept &quot;BEF&quot; (Befundbericht) abgedeckt." />
        </extension>
        <code value="BRI" />
        <display value="Brief" />
      </concept>
      <concept>
        <extension url="http://hl7.org/fhir/StructureDefinition/valueset-concept-comments">
          <valueString value="Notizen und ähnliche Dokumente die keinen inhaltlichen Vorgaben folgen, aber für die weitere Behandlung des Patienten bedeutend sind." />
        </extension>
        <code value="DOK" />
        <display value="Dokumente ohne besondere Form (Notizen)" />
      </concept>
      <concept>
        <extension url="http://hl7.org/fhir/StructureDefinition/valueset-concept-comments">
          <valueString value="Maschinell oder von Menschen erstellte Protokolle durchgeführter Anamnese, Diagnostik oder Therapie, z.B. Anamnesebogen, OP-Berichte,  Medikamentenverabreichungen; hierzu zählen auch ausgefüllte Checklisten die das prozesskonforme Vorgehen während einer Untersuchung oder OP dokumentieren. Die Protokolle können auch Handlungsanweisungen bzw. Empfehlungen beinhalten, z.B. Visitenprotokoll, Konsilbericht. Dazu gehören auch Messdaten (oft auch als Quelldaten oder Rohdaten bezeichnet) ohne menschliche Bewertung wie Temperaturkurven, Blutdruck-Messungen, Blutzuckerkurven, unbefundete&#xA;                        EKGs, Herz-Tonaufnahmen, Bestrahlungsprotokoll, Dosiswerte, etc. mit Ausnahme von Bilddaten und Videodaten. Der Begriff &quot;Patientenkurve&quot; wird in einigen Fällen für eine Sammlung von Temperatur-, Blutdruck- und weiteren pflegerischen Beobachtungen verwendet und sollte dann auch über das Konzept DUR (&quot;Durchführungsprotokoll&quot;) abgedeckt werden. Da der Begriff &quot;Patientenkurve&quot; auch für andere Dokumente (bzw. Dokumentenkombinationen) verwendet wird, sollte vor einer solchen Abbildung eine Analyse der so bezeichneten Dokumente durchgeführt und das entsprechende Konzept verwendet werden. Dokumente die mit diesem Konzept bezeichnet werden können maschinenlesbar sein, müssen es jedoch nicht (z.B. sowohl EKG-Kurve wie auch eingescanntes EKG sind abgedeckt). Ursprungs- und Zwischenformate (wie z.B. Diktat eines Arztbriefes) werden mit dem inhaltlich sinnvollen classCode gekennzeichnet (Brief in diesem Beispiel)." />
        </extension>
        <code value="DUR" />
        <display value="Durchführungsprotokoll" />
      </concept>
      <concept>
        <extension url="http://hl7.org/fhir/StructureDefinition/valueset-concept-comments">
          <valueString value="Dokumente, die ausschließlich für Forschungsvorhaben erstellt wurden oder gepflegt werden (außer Einwilligungen und Aufklärungen für Forschungsvorhaben, siehe Konzept ADM (&quot;administratives Dokument&quot;))" />
        </extension>
        <code value="FOR" />
        <display value="Forschung" />
      </concept>
      <concept>
        <extension url="http://hl7.org/fhir/StructureDefinition/valueset-concept-comments">
          <valueString value="Medizinische Gutachten und Stellungnahmen die eine Qualitätsbewertung als Ziel haben, nicht primär die Unterstützung der Behandlung des Patienten (da sonst das Konzept ASM (&quot;Assessment&quot;) verwendet werden sollte). Hierbei handelt es sich nicht notwendigerweise um Gutachten im juristischen Sinn." />
        </extension>
        <code value="GUT" />
        <display value="Gutachten und Qualitätsmanagement" />
      </concept>
      <concept>
        <extension url="http://hl7.org/fhir/StructureDefinition/valueset-concept-comments">
          <valueString value="Sowohl automatisch erstellte Analysen wie auch Dokumente die primär die Interpretation des Laborarztes darstellen. Auch Dokumentation von Prozessen von Blutbanken, wie auch Human-genetische Analysen gehören hierzu." />
        </extension>
        <code value="LAB" />
        <display value="Laborergebnisse" />
      </concept>
      <concept>
        <extension url="http://hl7.org/fhir/StructureDefinition/valueset-concept-comments">
          <valueString value="Ausweise, Pässe und ähnliche kurze Datensätze, die wichtige medizinische Informationen zusammenfassen.  Beispiele: Allergiepass, Allergieausweis, Impfpass, Impfausweis, Impfbuch, Notfalldatensatz" />
        </extension>
        <code value="AUS" />
        <display value="Medizinischer Ausweis" />
      </concept>
      <concept>
        <extension url="http://hl7.org/fhir/StructureDefinition/valueset-concept-comments">
          <valueString value="Dokumente zur Behandlungsplanung (z.B. Bestrahlungsplan, Medikationsplan) oder Versorgungsplanung (z.B. Nachsorge-Plan). Weitere Beispiele: Wiedereingliederungsplan." />
        </extension>
        <code value="PLA" />
        <display value="Planungsdokument" />
      </concept>
      <concept>
        <extension url="http://hl7.org/fhir/StructureDefinition/valueset-concept-comments">
          <valueString value="Verordnungen für Krankenhausbehandlung, Arzneimittel bzw. Heil- und Hilfsmittel, sowie Überweisungen an andere Ärzte" />
        </extension>
        <code value="VER" />
        <display value="Verordnung" />
      </concept>
      <concept>
        <extension url="http://hl7.org/fhir/StructureDefinition/valueset-concept-comments">
          <valueString value="Videodaten mit und ohne Tonspuren, sowie gemischte Bild- und Videodaten" />
        </extension>
        <code value="VID" />
        <display value="Videodaten" />
      </concept>
    </include>
  </compose>
</ValueSet>