<ValueSet xmlns="http://hl7.org/fhir">
  <id value="valueset-alpha-id" />
  <meta>
    <profile value="http://hl7.org/fhir/StructureDefinition/shareablevalueset" />
  </meta>
  <url value="http://fhir.de/ValueSet/alpha-id" />
  <version value="0.9.12" />
  <name value="Alpha-id" />
  <status value="draft" />
  <experimental value="true" />
  <date value="2020-01-20" />
  <publisher value="HL7 Deutschland e.V. (Technisches Komitee FHIR)" />
  <contact>
    <telecom>
      <system value="other" />
      <value value="http://hl7.de/technische-komitees/fhir/" />
    </telecom>
  </contact>
  <description value="Die Alpha-ID ermöglicht es, medizinische und alltagssprachliche Diagnosenbezeichnungen zu kodieren, stellt also Diagnosenkodes zur Verfügung. 2005 als Prototyp vom DIMDI herausgegeben basiert die Alpha-ID auf dem Alphabetischen Verzeichnis zur ICD-10-GM. Jedem Eintrag des Alphabets ist eine fortlaufende, stabile, nichtsprechende Identifikationsnummer zugeordnet: der Alpha-ID-Kode. Er identifiziert den Eintrag eindeutig und übernimmt somit die Funktion eines nichtklassifizierenden Diagnosenkodes." />
  <copyright value="DIMDI - Deutsches Institut für Medizinische Dokumentation und Information" />
  <compose>
    <include>
      <system value="http://fhir.de/CodeSystem/dimdi/alpha-id" />
    </include>
  </compose>
</ValueSet>