<CodeSystem xmlns="http://hl7.org/fhir">
	<url value="https://fhir.kbv.de/CodeSystem/KBV_CS_MIO_ZAEB_Preventive_Check_Up_German" />
	<version value="1.1.0" />
	<name value="KBV_CS_MIO_ZAEB_Preventive_Check_Up_German" />
	<title value="KBV_CS_MIO_ZAEB_Preventive_Check_Up_German" />
	<status value="active" />
	<experimental value="false" />
	<publisher value="Kassenärztliche Bundesvereinigung (KBV)" />
	<contact>
		<telecom>
			<system value="url" />
			<value value="http://www.kbv.de" />
		</telecom>
	</contact>
	<description value="Dieses Codesystem enthält alle notwendigen Codes zur Nutzung des Zahnärztlichen Bonusheftes." />
	<caseSensitive value="true" />
	<content value="complete" />
	<concept>
		<code value="IndividualprophylaxeKind" />
		<display value="Individualprophylaxe (Kind)" />
	</concept>
	<concept>
		<code value="ZahnaerztlicheUntersuchungErwachsen" />
		<display value="Zahnärztliche Untersuchung (Erwachsen)" />
	</concept>
</CodeSystem>