<ConceptMap xmlns="http://hl7.org/fhir">
  <url value="https://fhir.kbv.de/ConceptMap/KBV_CM_MIO_Vaccination_ImmunizationOriginCodes_German" />
  <version value="1.1.0" />
  <name value="KBV_CM_MIO_Vaccination_ImmunizationOriginCodes_German" />
  <status value="active" />
  <experimental value="false" />
  <publisher value="Kassenärztliche Bundesvereinigung (KBV)" />
  <description value="Diese Conceptmap verknüpft die Codes für die Quelle der Information, die für den Nachtrag einer Impfung verwendet werden, mit deutschen Bezeichnungen." />
  <copyright value="Im folgenden Profil können Codes aus den Codesystemen Snomed, Loinc oder Ucum enthalten sein, die dem folgenden Urheberrecht unterliegen: This material includes SNOMED Clinical Terms® (SNOMED CT®) which is used by permission of SNOMED International. All rights reserved. SNOMED CT®, was originally created by The College of American Pathologists. SNOMED and SNOMED CT are registered trademarks of SNOMED International. Implementers of these artefacts must have the appropriate SNOMED CT Affiliate license. This material contains content from LOINC (http://loinc.org). LOINC is copyright © 1995-2020, Regenstrief Institute, Inc. and the Logical Observation Identifiers Names and Codes (LOINC) Committee and is available at no cost under the license at http://loinc.org/license. LOINC® is a registered United States trademark of Regenstrief Institute, Inc. This product includes all or a portion of the UCUM table, UCUM codes, and UCUM definitions or is derived from it, subject to a license from Regenstrief Institute, Inc. and The UCUM Organization. Your use of the UCUM table, UCUM codes, UCUM definitions also is subject to this license, a copy of which is available at â€‹http://unitsofmeasure.org. The current complete UCUM table, UCUM Specification are available for download at http://unitsofmeasure.org. The UCUM table and UCUM codes are copyright © 1995-2009, Regenstrief Institute, Inc. and the Unified Codes for Units of Measures (UCUM) Organization. All rights reserved. THE UCUM TABLE (IN ALL FORMATS), UCUM DEFINITIONS, AND SPECIFICATION ARE PROVIDED &quot;AS IS.&quot; ANY EXPRESS OR IMPLIED WARRANTIES ARE DISCLAIMED, INCLUDING, BUT NOT LIMITED TO, THE IMPLIED WARRANTIES OF MERCHANTABILITY AND FITNESS FOR A PARTICULAR PURPOSE." />
  <group>
    <source value="http://terminology.hl7.org/CodeSystem/immunization-origin" />
    <target value="https://fhir.kbv.de/CodeSystem/KBV_CS_MIO_Vaccination_ImmunizationOriginCodes_German" />
    <element>
      <code value="recall" />
      <display value="Parent/Guardian/Patient Recall" />
      <target>
        <code value="ElternPatientenErziehungsberechtigterErinnerung" />
        <display value="Eltern/Erziehungsberechtigter/Patienten Erinnerung" />
        <equivalence value="equivalent" />
      </target>
    </element>
    <element>
      <code value="record" />
      <display value="Written Record" />
      <target>
        <code value="SchriftlicheDokumentation" />
        <display value="Schriftliche Dokumentation" />
        <equivalence value="equivalent" />
      </target>
    </element>
    <element>
      <code value="provider" />
      <display value="Other Provider" />
      <target>
        <code value="AndererArztodersonstigerimGesundheitsberuf" />
        <display value="Anderer Arzt oder sonstiger im Gesundheitsberuf" />
        <equivalence value="equivalent" />
      </target>
    </element>
  </group>
</ConceptMap>