<Observation xmlns="http://hl7.org/fhir">
  <id value="9e67bb0c-edf6-458c-a044-d473f792cdae" />
  <meta>
    <profile value="https://fhir.kbv.de/StructureDefinition/KBV_PR_Base_Observation_Blood_Pressure|1.1.3" />
  </meta>
  <status value="final" />
  <category>
    <coding>
      <system value="http://terminology.hl7.org/CodeSystem/observation-category" />
      <code value="vital-signs" />
    </coding>
  </category>
  <code>
    <coding>
      <system value="http://snomed.info/sct" />
      <version value="http://snomed.info/sct/900000000000207008/version/20200131" />
      <code value="75367002" />
      <display value="Blood pressure (observable entity)">
        <extension url="https://fhir.kbv.de/StructureDefinition/KBV_EX_Base_Terminology_German">
          <extension url="content">
            <valueString value="Blutdruck" />
          </extension>
        </extension>
      </display>
    </coding>
    <coding>
      <system value="http://loinc.org" />
      <version value="2.69" />
      <code value="85354-9" />
      <display value="Blood pressure panel with all children optional">
        <extension url="https://fhir.kbv.de/StructureDefinition/KBV_EX_Base_Terminology_German">
          <extension url="content">
            <valueString value="Blutdruck" />
          </extension>
        </extension>
      </display>
    </coding>
  </code>
  <subject>
    <reference value="urn:uuid:6a15cff6-3cc1-4bf2-ab66-1cc6316e6777" />
  </subject>
  <effectiveDateTime value="2020-01-02" />
  <performer>
    <reference value="urn:uuid:8ad1ee6c-6164-493a-be52-c43cf49e9916" />
  </performer>
  <component>
    <code>
      <coding>
        <system value="http://snomed.info/sct" />
        <version value="http://snomed.info/sct/900000000000207008/version/20200131" />
        <code value="271649006" />
        <display value="Systolic blood pressure (observable entity)">
          <extension url="https://fhir.kbv.de/StructureDefinition/KBV_EX_Base_Terminology_German">
            <extension url="content">
              <valueString value="systolischer Blutdruck" />
            </extension>
          </extension>
        </display>
      </coding>
      <coding>
        <system value="http://loinc.org" />
        <version value="2.69" />
        <code value="8480-6" />
        <display value="Systolic blood pressure">
          <extension url="https://fhir.kbv.de/StructureDefinition/KBV_EX_Base_Terminology_German">
            <extension url="content">
              <valueString value="systolischer Blutdruck" />
            </extension>
          </extension>
        </display>
      </coding>
      <text value="systolisch" />
    </code>
    <valueQuantity>
      <value value="40" />
      <unit value="mm Hg" />
      <system value="http://unitsofmeasure.org" />
      <code value="mm[Hg]" />
    </valueQuantity>
  </component>
  <component>
    <code>
      <coding>
        <system value="http://snomed.info/sct" />
        <version value="http://snomed.info/sct/900000000000207008/version/20200131" />
        <code value="271650006" />
        <display value="Diastolic blood pressure (observable entity)">
          <extension url="https://fhir.kbv.de/StructureDefinition/KBV_EX_Base_Terminology_German">
            <extension url="content">
              <valueString value="diastolischer Blutdruck" />
            </extension>
          </extension>
        </display>
      </coding>
      <coding>
        <system value="http://loinc.org" />
        <version value="2.69" />
        <code value="8462-4" />
        <display value="Diastolic blood pressure">
          <extension url="https://fhir.kbv.de/StructureDefinition/KBV_EX_Base_Terminology_German">
            <extension url="content">
              <valueString value="diastolischer Blutdruck" />
            </extension>
          </extension>
        </display>
      </coding>
      <text value="diastolisch" />
    </code>
    <valueQuantity>
      <value value="40" />
      <unit value="mm Hg" />
      <system value="http://unitsofmeasure.org" />
      <code value="mm[Hg]" />
    </valueQuantity>
  </component>
  <component>
    <code>
      <coding>
        <system value="http://snomed.info/sct" />
        <version value="http://snomed.info/sct/900000000000207008/version/20200131" />
        <code value="6797001" />
        <display value="Mean blood pressure (observable entity)">
          <extension url="https://fhir.kbv.de/StructureDefinition/KBV_EX_Base_Terminology_German">
            <extension url="content">
              <valueString value="mittlerer arterieller Blutdruck" />
            </extension>
          </extension>
        </display>
      </coding>
      <coding>
        <system value="http://loinc.org" />
        <version value="2.69" />
        <code value="8478-0" />
        <display value="Mean blood pressure">
          <extension url="https://fhir.kbv.de/StructureDefinition/KBV_EX_Base_Terminology_German">
            <extension url="content">
              <valueString value="mittlerer arterieller Blutdruck" />
            </extension>
          </extension>
        </display>
      </coding>
      <text value="mittlerer" />
    </code>
    <valueQuantity>
      <value value="40" />
      <unit value="mm Hg" />
      <system value="http://unitsofmeasure.org" />
      <code value="mm[Hg]" />
    </valueQuantity>
  </component>
</Observation>