<Observation xmlns="http://hl7.org/fhir">
  <id value="9e67bb0c-edf6-458c-a044-d473f792cdae" />
  <meta>
    <profile value="https://fhir.kbv.de/StructureDefinition/KBV_PR_Base_Observation_Respiratory_Rate|1.1.3" />
  </meta>
  <status value="final" />
  <category>
    <coding>
      <system value="http://terminology.hl7.org/CodeSystem/observation-category" />
      <code value="vital-signs" />
    </coding>
  </category>
  <code>
    <coding>
      <system value="http://snomed.info/sct" />
      <version value="http://snomed.info/sct/900000000000207008/version/20200131" />
      <code value="86290005" />
      <display value="Respiratory rate (observable entity)">
        <extension url="https://fhir.kbv.de/StructureDefinition/KBV_EX_Base_Terminology_German">
          <extension url="content">
            <valueString value="Atemfrequenz" />
          </extension>
        </extension>
      </display>
    </coding>
    <coding>
      <system value="http://loinc.org" />
      <version value="2.69" />
      <code value="9279-1" />
      <display value="Respiratory rate">
        <extension url="https://fhir.kbv.de/StructureDefinition/KBV_EX_Base_Terminology_German">
          <extension url="content">
            <valueString value="Atemfrequenz" />
          </extension>
        </extension>
      </display>
    </coding>
  </code>
  <subject>
    <reference value="urn:uuid:6a15cff6-3cc1-4bf2-ab66-1cc6316e6777" />
  </subject>
  <effectiveDateTime value="2020-01-02" />
  <performer>
    <reference value="urn:uuid:8ad1ee6c-6164-493a-be52-c43cf49e9916" />
  </performer>
  <valueQuantity>
    <value value="40" />
    <unit value="/min" />
    <system value="http://unitsofmeasure.org" />
    <code value="/min" />
  </valueQuantity>
</Observation>