<CodeSystem xmlns="http://hl7.org/fhir">
  <url value="https://fhir.kbv.de/CodeSystem/KBV_CS_Base_Body_Temp_Unit_German" />
  <version value="1.1.3" />
  <name value="KBV_CS_Base_Body_Temp_Unit_German" />
  <status value="active" />
  <experimental value="false" />
  <date value="2021-01-23" />
  <publisher value="Kassenärztliche Bundesvereinigung (KBV)" />
  <contact>
    <telecom>
      <system value="url" />
      <value value="http://www.kbv.de" />
    </telecom>
  </contact>
  <description value="Dieses Codesystem enthält die Codes für deutsche Bezeichner Für die Einheiten zur Messung der Körpertemperatur" />
  <copyright value="Copyright © [2020], Kassenärztliche Bundesvereinigung (KBV). All rights reserved." />
  <caseSensitive value="true" />
  <content value="complete" />
  <concept>
    <code value="Celsius" />
    <display value="Celsius" />
  </concept>
  <concept>
    <code value="Fahrenheit" />
    <display value="Fahrenheit" />
  </concept>
</CodeSystem>