<StructureDefinition xmlns="http://hl7.org/fhir">
  <url value="https://fhir.kbv.de/StructureDefinition/KBV_PR_Base_Observation_Blood_Pressure" />
  <version value="1.1.3" />
  <name value="KBV_PR_Base_Observation_Blood_Pressure" />
  <status value="active" />
  <date value="2021-02-23" />
  <publisher value="Kassenärztliche Bundesvereinigung (KBV)" />
  <copyright value="Im folgenden Profil k&amp;#246;nnen Codes aus den Codesystemen Snomed, Loinc oder Ucum enthalten sein, die dem folgenden Urheberrecht unterliegen: This material includes SNOMED Clinical Terms&amp;#174; (SNOMED CT&amp;#174;) which is used by permission of SNOMED International. All rights reserved. SNOMED CT&amp;#174;, was originally created by The College of American Pathologists. SNOMED and SNOMED CT are registered trademarks of SNOMED International. Implementers of these artefacts must have the appropriate SNOMED CT Affiliate license. This material contains content from Loinc (http://loinc.org). Loinc is copyright &amp;#169; 1995-2020, Regenstrief Institute, Inc. and the Logical Observation Identifiers Names and Codes (Loinc) Committee and is available at no cost under the license at http://loinc.org/license. Loinc&amp;#174; is a registered United States trademark of Regenstrief Institute, Inc. This product includes all or a portion of the UCUM table, UCUM codes, and UCUM definitions or is derived from it, subject to a license from Regenstrief Institute, Inc. and The UCUM Organization. Your use of the UCUM table, UCUM codes, UCUM definitions also is subject to this license, a copy of which is available at ​http://unitsofmeasure.org. The current complete UCUM table, UCUM Specification are available for download at ​http://unitsofmeasure.org. The UCUM table and UCUM codes are copyright &amp;#169; 1995-2009, Regenstrief Institute, Inc. and the Unified Codes for Units of Measures (UCUM) Organization. All rights reserved. THE UCUM TABLE (IN ALL FORMATS), UCUM DEFINITIONS, AND SPECIFICATION ARE PROVIDED &amp;quot;AS IS.&amp;quot; ANY EXPRESS OR IMPLIED WARRANTIES ARE DISCLAIMED, INCLUDING, BUT NOT LIMITED TO, THE IMPLIED WARRANTIES OF MERCHANTABILITY AND FITNESS FOR A PARTICULAR PURPOSE." />
  <fhirVersion value="4.0.1" />
  <mapping>
    <identity value="workflow" />
    <uri value="http://hl7.org/fhir/workflow" />
    <name value="Workflow Pattern" />
  </mapping>
  <mapping>
    <identity value="sct-concept" />
    <uri value="http://snomed.info/conceptdomain" />
    <name value="SNOMED CT Concept Domain Binding" />
  </mapping>
  <mapping>
    <identity value="v2" />
    <uri value="http://hl7.org/v2" />
    <name value="HL7 v2 Mapping" />
  </mapping>
  <mapping>
    <identity value="rim" />
    <uri value="http://hl7.org/v3" />
    <name value="RIM Mapping" />
  </mapping>
  <mapping>
    <identity value="w5" />
    <uri value="http://hl7.org/fhir/fivews" />
    <name value="FiveWs Pattern Mapping" />
  </mapping>
  <mapping>
    <identity value="sct-attr" />
    <uri value="http://snomed.org/attributebinding" />
    <name value="SNOMED CT Attribute Binding" />
  </mapping>
  <kind value="resource" />
  <abstract value="false" />
  <type value="Observation" />
  <baseDefinition value="http://hl7.org/fhir/StructureDefinition/Observation" />
  <derivation value="constraint" />
  <differential>
    <element id="Observation.status">
      <path value="Observation.status" />
      <fixedCode value="final" />
    </element>
    <element id="Observation.code.coding">
      <path value="Observation.code.coding" />
      <slicing>
        <discriminator>
          <type value="pattern" />
          <path value="$this" />
        </discriminator>
        <rules value="open" />
      </slicing>
      <min value="2" />
    </element>
    <element id="Observation.code.coding:codeSnomed">
      <path value="Observation.code.coding" />
      <sliceName value="codeSnomed" />
      <min value="1" />
      <max value="1" />
      <patternCoding>
        <system value="http://snomed.info/sct" />
        <version value="http://snomed.info/sct/900000000000207008/version/20200131" />
        <code value="75367002" />
        <display value="Blood pressure (observable entity)" />
      </patternCoding>
    </element>
    <element id="Observation.code.coding:codeSnomed.system">
      <path value="Observation.code.coding.system" />
      <min value="1" />
    </element>
    <element id="Observation.code.coding:codeSnomed.version">
      <path value="Observation.code.coding.version" />
      <min value="1" />
    </element>
    <element id="Observation.code.coding:codeSnomed.code">
      <path value="Observation.code.coding.code" />
      <min value="1" />
      <patternCode value="75367002" />
    </element>
    <element id="Observation.code.coding:codeSnomed.display">
      <path value="Observation.code.coding.display" />
      <min value="1" />
    </element>
    <element id="Observation.code.coding:codeSnomed.display.extension">
      <path value="Observation.code.coding.display.extension" />
      <slicing>
        <discriminator>
          <type value="value" />
          <path value="url" />
        </discriminator>
        <rules value="open" />
      </slicing>
    </element>
    <element id="Observation.code.coding:codeSnomed.display.extension:anzeigenameCodeSnomed">
      <path value="Observation.code.coding.display.extension" />
      <sliceName value="anzeigenameCodeSnomed" />
      <min value="1" />
      <max value="1" />
      <type>
        <code value="Extension" />
        <profile value="https://fhir.kbv.de/StructureDefinition/KBV_EX_Base_Terminology_German" />
      </type>
    </element>
    <element id="Observation.code.coding:codeSnomed.display.extension:anzeigenameCodeSnomed.extension">
      <path value="Observation.code.coding.display.extension.extension" />
      <slicing>
        <discriminator>
          <type value="value" />
          <path value="url" />
        </discriminator>
        <rules value="open" />
      </slicing>
    </element>
    <element id="Observation.code.coding:codeSnomed.display.extension:anzeigenameCodeSnomed.extension:content">
      <path value="Observation.code.coding.display.extension.extension" />
      <sliceName value="content" />
    </element>
    <element id="Observation.code.coding:codeSnomed.display.extension:anzeigenameCodeSnomed.extension:content.value[x]:valueString">
      <path value="Observation.code.coding.display.extension.extension.value[x]" />
      <sliceName value="valueString" />
      <fixedString value="Blutdruck" />
    </element>
    <element id="Observation.code.coding:loinc">
      <path value="Observation.code.coding" />
      <sliceName value="loinc" />
      <min value="1" />
      <max value="1" />
      <patternCoding>
        <system value="http://loinc.org" />
        <version value="2.69" />
        <code value="85354-9" />
        <display value="Blood pressure panel with all children optional" />
      </patternCoding>
    </element>
    <element id="Observation.code.coding:loinc.system">
      <path value="Observation.code.coding.system" />
      <min value="1" />
    </element>
    <element id="Observation.code.coding:loinc.version">
      <path value="Observation.code.coding.version" />
      <min value="1" />
    </element>
    <element id="Observation.code.coding:loinc.code">
      <path value="Observation.code.coding.code" />
      <min value="1" />
    </element>
    <element id="Observation.code.coding:loinc.display">
      <path value="Observation.code.coding.display" />
      <min value="1" />
    </element>
    <element id="Observation.code.coding:loinc.display.extension">
      <path value="Observation.code.coding.display.extension" />
      <slicing>
        <discriminator>
          <type value="value" />
          <path value="url" />
        </discriminator>
        <rules value="open" />
      </slicing>
    </element>
    <element id="Observation.code.coding:loinc.display.extension:anzeigenameCodeLoinc">
      <path value="Observation.code.coding.display.extension" />
      <sliceName value="anzeigenameCodeLoinc" />
      <min value="1" />
      <max value="1" />
      <type>
        <code value="Extension" />
        <profile value="https://fhir.kbv.de/StructureDefinition/KBV_EX_Base_Terminology_German" />
      </type>
    </element>
    <element id="Observation.code.coding:loinc.display.extension:anzeigenameCodeLoinc.extension">
      <path value="Observation.code.coding.display.extension.extension" />
      <slicing>
        <discriminator>
          <type value="value" />
          <path value="url" />
        </discriminator>
        <rules value="open" />
      </slicing>
    </element>
    <element id="Observation.code.coding:loinc.display.extension:anzeigenameCodeLoinc.extension:content">
      <path value="Observation.code.coding.display.extension.extension" />
      <sliceName value="content" />
    </element>
    <element id="Observation.code.coding:loinc.display.extension:anzeigenameCodeLoinc.extension:content.value[x]:valueString">
      <path value="Observation.code.coding.display.extension.extension.value[x]" />
      <sliceName value="valueString" />
      <fixedString value="Blutdruck" />
    </element>
    <element id="Observation.subject">
      <path value="Observation.subject" />
      <type>
        <code value="Reference" />
        <targetProfile value="http://hl7.org/fhir/StructureDefinition/Group" />
        <targetProfile value="http://hl7.org/fhir/StructureDefinition/Device" />
        <targetProfile value="http://hl7.org/fhir/StructureDefinition/Location" />
        <targetProfile value="https://fhir.kbv.de/StructureDefinition/KBV_PR_Base_Patient|1.1.3" />
      </type>
    </element>
    <element id="Observation.focus">
      <path value="Observation.focus" />
      <max value="0" />
    </element>
    <element id="Observation.performer">
      <path value="Observation.performer" />
      <type>
        <code value="Reference" />
        <targetProfile value="http://hl7.org/fhir/StructureDefinition/PractitionerRole" />
        <targetProfile value="http://hl7.org/fhir/StructureDefinition/CareTeam" />
        <targetProfile value="http://hl7.org/fhir/StructureDefinition/RelatedPerson" />
        <targetProfile value="https://fhir.kbv.de/StructureDefinition/KBV_PR_Base_Practitioner|1.1.3" />
        <targetProfile value="https://fhir.kbv.de/StructureDefinition/KBV_PR_Base_Organization|1.1.3" />
        <targetProfile value="https://fhir.kbv.de/StructureDefinition/KBV_PR_Base_Patient|1.1.3" />
      </type>
    </element>
    <element id="Observation.value[x]">
      <path value="Observation.value[x]" />
      <slicing>
        <discriminator>
          <type value="type" />
          <path value="$this" />
        </discriminator>
        <rules value="open" />
      </slicing>
      <max value="0" />
      <type>
        <code value="Quantity" />
      </type>
    </element>
    <element id="Observation.value[x]:valueQuantity">
      <path value="Observation.value[x]" />
      <sliceName value="valueQuantity" />
      <max value="0" />
      <type>
        <code value="Quantity" />
      </type>
    </element>
    <element id="Observation.specimen">
      <path value="Observation.specimen" />
      <max value="0" />
    </element>
    <element id="Observation.component">
      <path value="Observation.component" />
      <slicing>
        <discriminator>
          <type value="value" />
          <path value="code.text" />
        </discriminator>
        <rules value="open" />
      </slicing>
    </element>
    <element id="Observation.component:SystolicBP">
      <path value="Observation.component" />
      <sliceName value="SystolicBP" />
    </element>
    <element id="Observation.component:SystolicBP.code.coding">
      <path value="Observation.component.code.coding" />
      <slicing>
        <discriminator>
          <type value="pattern" />
          <path value="$this" />
        </discriminator>
        <rules value="open" />
      </slicing>
      <min value="2" />
    </element>
    <element id="Observation.component:SystolicBP.code.coding:loinc">
      <path value="Observation.component.code.coding" />
      <sliceName value="loinc" />
      <patternCoding>
        <version value="2.69" />
        <display value="Systolic blood pressure" />
      </patternCoding>
    </element>
    <element id="Observation.component:SystolicBP.code.coding:loinc.version">
      <path value="Observation.component.code.coding.version" />
      <min value="1" />
    </element>
    <element id="Observation.component:SystolicBP.code.coding:loinc.display">
      <path value="Observation.component.code.coding.display" />
      <min value="1" />
    </element>
    <element id="Observation.component:SystolicBP.code.coding:loinc.display.extension">
      <path value="Observation.component.code.coding.display.extension" />
      <slicing>
        <discriminator>
          <type value="value" />
          <path value="url" />
        </discriminator>
        <rules value="open" />
      </slicing>
    </element>
    <element id="Observation.component:SystolicBP.code.coding:loinc.display.extension:anzeigenameCodeLoinc">
      <path value="Observation.component.code.coding.display.extension" />
      <sliceName value="anzeigenameCodeLoinc" />
      <min value="1" />
      <max value="1" />
      <type>
        <code value="Extension" />
        <profile value="https://fhir.kbv.de/StructureDefinition/KBV_EX_Base_Terminology_German" />
      </type>
    </element>
    <element id="Observation.component:SystolicBP.code.coding:loinc.display.extension:anzeigenameCodeLoinc.extension">
      <path value="Observation.component.code.coding.display.extension.extension" />
      <slicing>
        <discriminator>
          <type value="value" />
          <path value="url" />
        </discriminator>
        <rules value="open" />
      </slicing>
    </element>
    <element id="Observation.component:SystolicBP.code.coding:loinc.display.extension:anzeigenameCodeLoinc.extension:content">
      <path value="Observation.component.code.coding.display.extension.extension" />
      <sliceName value="content" />
    </element>
    <element id="Observation.component:SystolicBP.code.coding:loinc.display.extension:anzeigenameCodeLoinc.extension:content.value[x]:valueString">
      <path value="Observation.component.code.coding.display.extension.extension.value[x]" />
      <sliceName value="valueString" />
      <fixedString value="systolischer Blutdruck" />
    </element>
    <element id="Observation.component:SystolicBP.code.coding:codeSnomed">
      <path value="Observation.component.code.coding" />
      <sliceName value="codeSnomed" />
      <min value="1" />
      <max value="1" />
      <patternCoding>
        <system value="http://snomed.info/sct" />
        <version value="http://snomed.info/sct/900000000000207008/version/20200131" />
        <code value="271649006" />
        <display value="Systolic blood pressure (observable entity)" />
      </patternCoding>
    </element>
    <element id="Observation.component:SystolicBP.code.coding:codeSnomed.system">
      <path value="Observation.component.code.coding.system" />
      <min value="1" />
    </element>
    <element id="Observation.component:SystolicBP.code.coding:codeSnomed.version">
      <path value="Observation.component.code.coding.version" />
      <min value="1" />
    </element>
    <element id="Observation.component:SystolicBP.code.coding:codeSnomed.code">
      <path value="Observation.component.code.coding.code" />
      <min value="1" />
    </element>
    <element id="Observation.component:SystolicBP.code.coding:codeSnomed.display">
      <path value="Observation.component.code.coding.display" />
      <min value="1" />
    </element>
    <element id="Observation.component:SystolicBP.code.coding:codeSnomed.display.extension">
      <path value="Observation.component.code.coding.display.extension" />
      <slicing>
        <discriminator>
          <type value="value" />
          <path value="url" />
        </discriminator>
        <rules value="open" />
      </slicing>
    </element>
    <element id="Observation.component:SystolicBP.code.coding:codeSnomed.display.extension:anzeigenameCodeSnomed">
      <path value="Observation.component.code.coding.display.extension" />
      <sliceName value="anzeigenameCodeSnomed" />
      <min value="1" />
      <max value="1" />
      <type>
        <code value="Extension" />
        <profile value="https://fhir.kbv.de/StructureDefinition/KBV_EX_Base_Terminology_German" />
      </type>
    </element>
    <element id="Observation.component:SystolicBP.code.coding:codeSnomed.display.extension:anzeigenameCodeSnomed.extension">
      <path value="Observation.component.code.coding.display.extension.extension" />
      <slicing>
        <discriminator>
          <type value="value" />
          <path value="url" />
        </discriminator>
        <rules value="open" />
      </slicing>
    </element>
    <element id="Observation.component:SystolicBP.code.coding:codeSnomed.display.extension:anzeigenameCodeSnomed.extension:content">
      <path value="Observation.component.code.coding.display.extension.extension" />
      <sliceName value="content" />
    </element>
    <element id="Observation.component:SystolicBP.code.coding:codeSnomed.display.extension:anzeigenameCodeSnomed.extension:content.value[x]:valueString">
      <path value="Observation.component.code.coding.display.extension.extension.value[x]" />
      <sliceName value="valueString" />
      <fixedString value="systolischer Blutdruck" />
    </element>
    <element id="Observation.component:SystolicBP.code.text">
      <path value="Observation.component.code.text" />
      <min value="1" />
      <fixedString value="systolisch" />
    </element>
    <element id="Observation.component:SystolicBP.value[x]">
      <path value="Observation.component.value[x]" />
      <slicing>
        <discriminator>
          <type value="type" />
          <path value="$this" />
        </discriminator>
        <rules value="open" />
      </slicing>
      <type>
        <code value="Quantity" />
      </type>
    </element>
    <element id="Observation.component:SystolicBP.value[x]:valueQuantity">
      <path value="Observation.component.value[x]" />
      <sliceName value="valueQuantity" />
      <type>
        <code value="Quantity" />
      </type>
    </element>
    <element id="Observation.component:SystolicBP.value[x]:valueQuantity.value">
      <path value="Observation.component.value[x].value" />
      <min value="1" />
    </element>
    <element id="Observation.component:SystolicBP.value[x]:valueQuantity.unit">
      <path value="Observation.component.value[x].unit" />
      <min value="1" />
      <fixedString value="mm Hg" />
    </element>
    <element id="Observation.component:SystolicBP.value[x]:valueQuantity.system">
      <path value="Observation.component.value[x].system" />
      <min value="1" />
      <fixedUri value="http://unitsofmeasure.org" />
    </element>
    <element id="Observation.component:SystolicBP.value[x]:valueQuantity.code">
      <path value="Observation.component.value[x].code" />
      <min value="1" />
      <fixedCode value="mm[Hg]" />
    </element>
    <element id="Observation.component:DiastolicBP">
      <path value="Observation.component" />
      <sliceName value="DiastolicBP" />
    </element>
    <element id="Observation.component:DiastolicBP.code.coding">
      <path value="Observation.component.code.coding" />
      <slicing>
        <discriminator>
          <type value="pattern" />
          <path value="$this" />
        </discriminator>
        <rules value="open" />
      </slicing>
      <min value="2" />
    </element>
    <element id="Observation.component:DiastolicBP.code.coding:loinc">
      <path value="Observation.component.code.coding" />
      <sliceName value="loinc" />
      <max value="1" />
      <patternCoding>
        <version value="2.69" />
        <display value="Diastolic blood pressure" />
      </patternCoding>
    </element>
    <element id="Observation.component:DiastolicBP.code.coding:loinc.version">
      <path value="Observation.component.code.coding.version" />
      <min value="1" />
    </element>
    <element id="Observation.component:DiastolicBP.code.coding:loinc.display">
      <path value="Observation.component.code.coding.display" />
      <min value="1" />
    </element>
    <element id="Observation.component:DiastolicBP.code.coding:loinc.display.extension">
      <path value="Observation.component.code.coding.display.extension" />
      <slicing>
        <discriminator>
          <type value="value" />
          <path value="url" />
        </discriminator>
        <rules value="open" />
      </slicing>
    </element>
    <element id="Observation.component:DiastolicBP.code.coding:loinc.display.extension:anzeigenameCodeLoinc">
      <path value="Observation.component.code.coding.display.extension" />
      <sliceName value="anzeigenameCodeLoinc" />
      <min value="1" />
      <max value="1" />
      <type>
        <code value="Extension" />
        <profile value="https://fhir.kbv.de/StructureDefinition/KBV_EX_Base_Terminology_German" />
      </type>
    </element>
    <element id="Observation.component:DiastolicBP.code.coding:loinc.display.extension:anzeigenameCodeLoinc.extension">
      <path value="Observation.component.code.coding.display.extension.extension" />
      <slicing>
        <discriminator>
          <type value="value" />
          <path value="url" />
        </discriminator>
        <rules value="open" />
      </slicing>
    </element>
    <element id="Observation.component:DiastolicBP.code.coding:loinc.display.extension:anzeigenameCodeLoinc.extension:content">
      <path value="Observation.component.code.coding.display.extension.extension" />
      <sliceName value="content" />
    </element>
    <element id="Observation.component:DiastolicBP.code.coding:loinc.display.extension:anzeigenameCodeLoinc.extension:content.value[x]:valueString">
      <path value="Observation.component.code.coding.display.extension.extension.value[x]" />
      <sliceName value="valueString" />
      <fixedString value="diastolischer Blutdruck" />
    </element>
    <element id="Observation.component:DiastolicBP.code.coding:codeSnomed">
      <path value="Observation.component.code.coding" />
      <sliceName value="codeSnomed" />
      <min value="1" />
      <max value="1" />
      <patternCoding>
        <system value="http://snomed.info/sct" />
        <version value="http://snomed.info/sct/900000000000207008/version/20200131" />
        <code value="271650006" />
        <display value="Diastolic blood pressure (observable entity)" />
      </patternCoding>
    </element>
    <element id="Observation.component:DiastolicBP.code.coding:codeSnomed.system">
      <path value="Observation.component.code.coding.system" />
      <min value="1" />
    </element>
    <element id="Observation.component:DiastolicBP.code.coding:codeSnomed.version">
      <path value="Observation.component.code.coding.version" />
      <min value="1" />
    </element>
    <element id="Observation.component:DiastolicBP.code.coding:codeSnomed.code">
      <path value="Observation.component.code.coding.code" />
      <min value="1" />
    </element>
    <element id="Observation.component:DiastolicBP.code.coding:codeSnomed.display">
      <path value="Observation.component.code.coding.display" />
      <min value="1" />
    </element>
    <element id="Observation.component:DiastolicBP.code.coding:codeSnomed.display.extension">
      <path value="Observation.component.code.coding.display.extension" />
      <slicing>
        <discriminator>
          <type value="value" />
          <path value="url" />
        </discriminator>
        <rules value="open" />
      </slicing>
    </element>
    <element id="Observation.component:DiastolicBP.code.coding:codeSnomed.display.extension:anzeigenameCodeSnomed">
      <path value="Observation.component.code.coding.display.extension" />
      <sliceName value="anzeigenameCodeSnomed" />
      <min value="1" />
      <max value="1" />
      <type>
        <code value="Extension" />
        <profile value="https://fhir.kbv.de/StructureDefinition/KBV_EX_Base_Terminology_German" />
      </type>
    </element>
    <element id="Observation.component:DiastolicBP.code.coding:codeSnomed.display.extension:anzeigenameCodeSnomed.extension">
      <path value="Observation.component.code.coding.display.extension.extension" />
      <slicing>
        <discriminator>
          <type value="value" />
          <path value="url" />
        </discriminator>
        <rules value="open" />
      </slicing>
    </element>
    <element id="Observation.component:DiastolicBP.code.coding:codeSnomed.display.extension:anzeigenameCodeSnomed.extension:content">
      <path value="Observation.component.code.coding.display.extension.extension" />
      <sliceName value="content" />
    </element>
    <element id="Observation.component:DiastolicBP.code.coding:codeSnomed.display.extension:anzeigenameCodeSnomed.extension:content.value[x]:valueString">
      <path value="Observation.component.code.coding.display.extension.extension.value[x]" />
      <sliceName value="valueString" />
      <fixedString value="diastolischer Blutdruck" />
    </element>
    <element id="Observation.component:DiastolicBP.code.text">
      <path value="Observation.component.code.text" />
      <min value="1" />
      <fixedString value="diastolisch" />
    </element>
    <element id="Observation.component:DiastolicBP.value[x]">
      <path value="Observation.component.value[x]" />
      <slicing>
        <discriminator>
          <type value="type" />
          <path value="$this" />
        </discriminator>
        <rules value="open" />
      </slicing>
      <type>
        <code value="Quantity" />
      </type>
    </element>
    <element id="Observation.component:DiastolicBP.value[x]:valueQuantity">
      <path value="Observation.component.value[x]" />
      <sliceName value="valueQuantity" />
      <type>
        <code value="Quantity" />
      </type>
    </element>
    <element id="Observation.component:DiastolicBP.value[x]:valueQuantity.value">
      <path value="Observation.component.value[x].value" />
      <min value="1" />
    </element>
    <element id="Observation.component:DiastolicBP.value[x]:valueQuantity.unit">
      <path value="Observation.component.value[x].unit" />
      <min value="1" />
      <fixedString value="mm Hg" />
    </element>
    <element id="Observation.component:DiastolicBP.value[x]:valueQuantity.system">
      <path value="Observation.component.value[x].system" />
      <min value="1" />
      <fixedUri value="http://unitsofmeasure.org" />
    </element>
    <element id="Observation.component:DiastolicBP.value[x]:valueQuantity.code">
      <path value="Observation.component.value[x].code" />
      <min value="1" />
      <fixedCode value="mm[Hg]" />
    </element>
    <element id="Observation.component:mittlererArteriellerBlutdruck">
      <path value="Observation.component" />
      <sliceName value="mittlererArteriellerBlutdruck" />
      <max value="1" />
    </element>
    <element id="Observation.component:mittlererArteriellerBlutdruck.code.coding">
      <path value="Observation.component.code.coding" />
      <slicing>
        <discriminator>
          <type value="pattern" />
          <path value="$this" />
        </discriminator>
        <rules value="open" />
      </slicing>
      <min value="2" />
    </element>
    <element id="Observation.component:mittlererArteriellerBlutdruck.code.coding:codeLoinc">
      <path value="Observation.component.code.coding" />
      <sliceName value="codeLoinc" />
      <min value="1" />
      <max value="1" />
      <patternCoding>
        <system value="http://loinc.org" />
        <version value="2.69" />
        <code value="8478-0" />
        <display value="Mean blood pressure" />
      </patternCoding>
    </element>
    <element id="Observation.component:mittlererArteriellerBlutdruck.code.coding:codeLoinc.system">
      <path value="Observation.component.code.coding.system" />
      <min value="1" />
    </element>
    <element id="Observation.component:mittlererArteriellerBlutdruck.code.coding:codeLoinc.version">
      <path value="Observation.component.code.coding.version" />
      <min value="1" />
    </element>
    <element id="Observation.component:mittlererArteriellerBlutdruck.code.coding:codeLoinc.code">
      <path value="Observation.component.code.coding.code" />
      <min value="1" />
    </element>
    <element id="Observation.component:mittlererArteriellerBlutdruck.code.coding:codeLoinc.display">
      <path value="Observation.component.code.coding.display" />
      <min value="1" />
    </element>
    <element id="Observation.component:mittlererArteriellerBlutdruck.code.coding:codeLoinc.display.extension">
      <path value="Observation.component.code.coding.display.extension" />
      <slicing>
        <discriminator>
          <type value="value" />
          <path value="url" />
        </discriminator>
        <rules value="open" />
      </slicing>
    </element>
    <element id="Observation.component:mittlererArteriellerBlutdruck.code.coding:codeLoinc.display.extension:anzeigenameCodeLoinc">
      <path value="Observation.component.code.coding.display.extension" />
      <sliceName value="anzeigenameCodeLoinc" />
      <min value="1" />
      <max value="1" />
      <type>
        <code value="Extension" />
        <profile value="https://fhir.kbv.de/StructureDefinition/KBV_EX_Base_Terminology_German" />
      </type>
    </element>
    <element id="Observation.component:mittlererArteriellerBlutdruck.code.coding:codeLoinc.display.extension:anzeigenameCodeLoinc.extension">
      <path value="Observation.component.code.coding.display.extension.extension" />
      <slicing>
        <discriminator>
          <type value="value" />
          <path value="url" />
        </discriminator>
        <rules value="open" />
      </slicing>
    </element>
    <element id="Observation.component:mittlererArteriellerBlutdruck.code.coding:codeLoinc.display.extension:anzeigenameCodeLoinc.extension:content">
      <path value="Observation.component.code.coding.display.extension.extension" />
      <sliceName value="content" />
    </element>
    <element id="Observation.component:mittlererArteriellerBlutdruck.code.coding:codeLoinc.display.extension:anzeigenameCodeLoinc.extension:content.value[x]:valueString">
      <path value="Observation.component.code.coding.display.extension.extension.value[x]" />
      <sliceName value="valueString" />
      <fixedString value="mittlerer arterieller Blutdruck" />
    </element>
    <element id="Observation.component:mittlererArteriellerBlutdruck.code.coding:codeSnomed">
      <path value="Observation.component.code.coding" />
      <sliceName value="codeSnomed" />
      <min value="1" />
      <max value="1" />
      <patternCoding>
        <system value="http://snomed.info/sct" />
        <version value="http://snomed.info/sct/900000000000207008/version/20200131" />
        <code value="6797001" />
        <display value="Mean blood pressure (observable entity)" />
      </patternCoding>
    </element>
    <element id="Observation.component:mittlererArteriellerBlutdruck.code.coding:codeSnomed.system">
      <path value="Observation.component.code.coding.system" />
      <min value="1" />
    </element>
    <element id="Observation.component:mittlererArteriellerBlutdruck.code.coding:codeSnomed.version">
      <path value="Observation.component.code.coding.version" />
      <min value="1" />
    </element>
    <element id="Observation.component:mittlererArteriellerBlutdruck.code.coding:codeSnomed.code">
      <path value="Observation.component.code.coding.code" />
      <min value="1" />
    </element>
    <element id="Observation.component:mittlererArteriellerBlutdruck.code.coding:codeSnomed.display">
      <path value="Observation.component.code.coding.display" />
      <min value="1" />
    </element>
    <element id="Observation.component:mittlererArteriellerBlutdruck.code.coding:codeSnomed.display.extension">
      <path value="Observation.component.code.coding.display.extension" />
      <slicing>
        <discriminator>
          <type value="value" />
          <path value="url" />
        </discriminator>
        <rules value="open" />
      </slicing>
    </element>
    <element id="Observation.component:mittlererArteriellerBlutdruck.code.coding:codeSnomed.display.extension:anzeigenameCodeSnomed">
      <path value="Observation.component.code.coding.display.extension" />
      <sliceName value="anzeigenameCodeSnomed" />
      <min value="1" />
      <max value="1" />
      <type>
        <code value="Extension" />
        <profile value="https://fhir.kbv.de/StructureDefinition/KBV_EX_Base_Terminology_German" />
      </type>
    </element>
    <element id="Observation.component:mittlererArteriellerBlutdruck.code.coding:codeSnomed.display.extension:anzeigenameCodeSnomed.extension">
      <path value="Observation.component.code.coding.display.extension.extension" />
      <slicing>
        <discriminator>
          <type value="value" />
          <path value="url" />
        </discriminator>
        <rules value="open" />
      </slicing>
    </element>
    <element id="Observation.component:mittlererArteriellerBlutdruck.code.coding:codeSnomed.display.extension:anzeigenameCodeSnomed.extension:content">
      <path value="Observation.component.code.coding.display.extension.extension" />
      <sliceName value="content" />
    </element>
    <element id="Observation.component:mittlererArteriellerBlutdruck.code.coding:codeSnomed.display.extension:anzeigenameCodeSnomed.extension:content.value[x]:valueString">
      <path value="Observation.component.code.coding.display.extension.extension.value[x]" />
      <sliceName value="valueString" />
      <fixedString value="mittlerer arterieller Blutdruck" />
    </element>
    <element id="Observation.component:mittlererArteriellerBlutdruck.code.text">
      <path value="Observation.component.code.text" />
      <min value="1" />
      <fixedString value="mittlerer" />
    </element>
    <element id="Observation.component:mittlererArteriellerBlutdruck.value[x]">
      <path value="Observation.component.value[x]" />
      <slicing>
        <discriminator>
          <type value="type" />
          <path value="$this" />
        </discriminator>
        <rules value="open" />
      </slicing>
      <type>
        <code value="Quantity" />
      </type>
    </element>
    <element id="Observation.component:mittlererArteriellerBlutdruck.value[x]:valueQuantity">
      <path value="Observation.component.value[x]" />
      <sliceName value="valueQuantity" />
      <type>
        <code value="Quantity" />
      </type>
    </element>
    <element id="Observation.component:mittlererArteriellerBlutdruck.value[x]:valueQuantity.value">
      <path value="Observation.component.value[x].value" />
      <min value="1" />
    </element>
    <element id="Observation.component:mittlererArteriellerBlutdruck.value[x]:valueQuantity.unit">
      <path value="Observation.component.value[x].unit" />
      <min value="1" />
      <fixedString value="mm Hg" />
    </element>
    <element id="Observation.component:mittlererArteriellerBlutdruck.value[x]:valueQuantity.system">
      <path value="Observation.component.value[x].system" />
      <min value="1" />
      <fixedUri value="http://unitsofmeasure.org" />
    </element>
    <element id="Observation.component:mittlererArteriellerBlutdruck.value[x]:valueQuantity.code">
      <path value="Observation.component.value[x].code" />
      <min value="1" />
      <fixedCode value="mm[Hg]" />
    </element>
  </differential>
</StructureDefinition>