<ValueSet xmlns="http://hl7.org/fhir">
  <url value="https://fhir.kbv.de/ValueSet/KBV_VS_Base_Body_Temp_Unit" />
  <version value="1.1.3" />
  <name value="KBV_VS_Base_Body_Temp_Unit" />
  <status value="active" />
  <experimental value="false" />
  <description value="Ucum Codes für die Einheit der Körpertemperatur" />
  <immutable value="false" />
  <copyright value="This artefact includes content from SNOMED Clinical Terms® (SNOMED CT®) which is copyright of the International Health Terminology Standards Development Organisation (IHTSDO). Implementers of these artefacts must have the appropriate SNOMED CT Affiliate license - for more information contact http://www.snomed.org/snomed-ct/getsnomed-ct or info@snomed.org." />
  <compose>
    <include>
      <system value="http://unitsofmeasure.org" />
      <version value="2.1" />
      <concept>
        <code value="Cel" />
      </concept>
      <concept>
        <code value="[degF]" />
      </concept>
    </include>
  </compose>
</ValueSet>