<ConceptMap xmlns="http://hl7.org/fhir">
  <url value="https://fhir.kbv.de/ConceptMap/KBV_CM_Base_Body_Temp_Unit_German" />
  <version value="1.1.3" />
  <name value="KBV_CM_Base_Body_Temp_Unit_German" />
  <status value="active" />
  <experimental value="false" />
  <publisher value="Kassenärztliche Bundesvereinigung (KBV)" />
  <description value="Diese Conceptmap verknüpft die Ucum Codes zur Messung der Körpertemperatur mit deutschen Bezeichnungen." />
  <group>
    <source value="http://unitsofmeasure.org" />
    <target value="https://fhir.kbv.de/CodeSystem/KBV_CS_Base_Body_Temp_Unit_German" />
    <element>
      <code value="Cel" />
      <target>
        <code value="Celsius" />
        <display value="Celsius" />
        <equivalence value="equivalent" />
      </target>
    </element>
    <element>
      <code value="[degF]" />
      <target>
        <code value="Fahrenheit" />
        <display value="Fahrenheit" />
        <equivalence value="equivalent" />
      </target>
    </element>
  </group>
</ConceptMap>