<CodeSystem xmlns="http://hl7.org/fhir">
  <url value="https://fhir.kbv.de/CodeSystem/KBV_CS_Base_Body_Temp_German" />
  <version value="1.1.3" />
  <name value="KBV_CS_Base_Body_Temp_German" />
  <status value="active" />
  <experimental value="false" />
  <date value="2021-01-23" />
  <publisher value="Kassenärztliche Bundesvereinigung (KBV)" />
  <contact>
    <telecom>
      <system value="url" />
      <value value="http://www.kbv.de" />
    </telecom>
  </contact>
  <description value="Dieses Codesystem enthält die Codes für deutsche Bezeichner der Atemfrequenz" />
  <copyright value="Copyright © [2020], Kassenärztliche Bundesvereinigung (KBV). All rights reserved." />
  <caseSensitive value="true" />
  <content value="complete" />
  <concept>
    <code value="Koerpertemperatur" />
    <display value="Körpertemperatur" />
  </concept>
  <concept>
    <code value="BasaleKoerpertemperatur" />
    <display value="Basale Körpertemperatur" />
  </concept>
  <concept>
    <code value="Koerperkerntemperatur" />
    <display value="Körperkerntemperatur" />
  </concept>
  <concept>
    <code value="KoerperkerntemperaturDesNeugeborenenBeiDerGeburt" />
    <display value="Körperkerntemperatur des Neugeborenen bei der Geburt" />
  </concept>
  <concept>
    <code value="KoerperkerntemperaturGemessenInDerHarnblase" />
    <display value="Körperkerntemperatur gemessen in der Harnblase" />
  </concept>
  <concept>
    <code value="KoerperkerntemperaturGemessenImNasopharynx" />
    <display value="Körperkerntemperatur gemessen im Nasopharynx" />
  </concept>
  <concept>
    <code value="KoerperkerntemperaturGemessenInDerSpeiseröhre" />
    <display value="Körperkerntemperatur gemessen in der Speiseröhre" />
  </concept>
  <concept>
    <code value="KoerperkerntemperaturGemessenAmTrommelfell" />
    <display value="Körperkerntemperatur gemessen am Trommelfell" />
  </concept>
  <concept>
    <code value="KoerperkerntemperaturSublingualGemessen" />
    <display value="Körperkerntemperatur Sublingual gemessen" />
  </concept>
  <concept>
    <code value="KoerperkerntemperaturVaginalGemessen" />
    <display value="Körperkerntemperatur vaginal gemessen" />
  </concept>
  <concept>
    <code value="KörperkerntemperaturGemessenImRektum" />
    <display value="Körperkerntemperatur gemessen im Rektum" />
  </concept>
  <concept>
    <code value="TemperaturDesBlutes" />
    <display value="Temperatur des Blutes" />
  </concept>
  <concept>
    <code value="TemperaturDerStirn" />
    <display value="Temperatur der Stirn" />
  </concept>
</CodeSystem>