<CodeSystem xmlns="http://hl7.org/fhir">
  <url value="https://fhir.kbv.de/CodeSystem/KBV_CS_Base_identifier_type" />
  <version value="1.1.3" />
  <name value="KBV_CS_Base_identifier_type" />
  <status value="active" />
  <experimental value="true" />
  <publisher value="Kassenärztliche Bundesvereinigung" />
  <description value="Codesystem zur Unterscheidung verschiedener Identifikatoren" />
  <copyright value="Kassenärztliche Bundesvereinigung" />
  <caseSensitive value="true" />
  <content value="complete" />
  <concept>
    <code value="kvk" />
    <display value="Krankenversichertenkarte" />
  </concept>
</CodeSystem>