<CodeSystem xmlns="http://hl7.org/fhir">
  <url value="https://fhir.kbv.de/CodeSystem/KBV_CS_Base_Stage_Life_German" />
  <version value="1.1.3" />
  <name value="KBV_CS_Base_Stage_Life_German" />
  <status value="active" />
  <experimental value="false" />
  <date value="2019-11-14" />
  <publisher value="Kassenärztliche Bundesvereinigung (KBV)" />
  <copyright value="Copyright © [2020], Kassenärztliche Bundesvereinigung (KBV). All rights reserved." />
  <contact>
    <telecom>
      <system value="url" />
      <value value="http://www.kbv.de" />
    </telecom>
  </contact>
  <description value="Dieses Codesystem enthält die Codes für deutsche Bezeichner der Lebensphase" />
  <caseSensitive value="true" />
  <content value="complete" />
  <concept>
    <code value="Senior65" />
    <display value="Ältere Person/ Senioren (Mit Beginn des 65. Lebensjahres)" />
  </concept>
  <concept>
    <code value="Erwachsener18" />
    <display value="Erwachsener (Ab Beginn des 19. Lebensjahres)" />
  </concept>
  <concept>
    <code value="Jugendlicher1318" />
    <display value="Jugendlicher (Ab Beginn des 13. bis zum vollendeten 18. Lebensjahres)" />
  </concept>
  <concept>
    <code value="Kind412" />
    <display value="Kind (Ab Beginn des 4. bis zum vollendeten 12. Lebensjahres)" />
  </concept>
  <concept>
    <code value="Kleinkind134" />
    <display value="Kleinkind (Ab Beginn des 13. Lebensmonat bis zum vollendeten 3. Lebensjahr)" />
  </concept>
  <concept>
    <code value="Saeugling12" />
    <display value="Säugling (Ab Beginn des 29. Lebenstages bis zum vollendeten 12. Lebensmonat)" />
  </concept>
  <concept>
    <code value="Neugeborenes029" />
    <display value="Neugeborenes (Ab Geburt bis zum 29. Lebenstag)" />
  </concept>
</CodeSystem>