<ConceptMap xmlns="http://hl7.org/fhir">
  <url value="https://fhir.kbv.de/ConceptMap/KBV_CM_Base_Body_Weight_Loinc_German" />
  <version value="1.1.3" />
  <name value="KBV_CM_Base_Body_Weight_Loinc_German" />
  <status value="active" />
  <experimental value="false" />
  <publisher value="Kassenärztliche Bundesvereinigung (KBV)" />
  <description value="Diese Conceptmap verknüpft die Codes des Körpergewichts mit deutschen Bezeichnungen" />
  <group>
    <source value="http://loinc.org" />
    <target value="https://fhir.kbv.de/CodeSystem/KBV_CS_Base_Body_Weight_Loinc_German" />
    <element>
      <code value="29463-7" />
      <display value="Body weight" />
      <target>
        <code value="Koerpergewicht" />
        <display value="Körpergewicht" />
        <equivalence value="equivalent" />
      </target>
    </element>
    <element>
      <code value="8339-4" />
      <display value="Birth weight Measured" />
      <target>
        <code value="Geburtsoerpergewicht" />
        <display value="Geburtskörpergewicht" />
        <equivalence value="equivalent" />
      </target>
    </element>
  </group>
</ConceptMap>