<ConceptMap xmlns="http://hl7.org/fhir">
  <url value="https://fhir.kbv.de/ConceptMap/KBV_CM_Base_Apgar_Score_Identifier_German" />
  <version value="1.1.3" />
  <name value="KBV_CM_Base_Apgar_Score_Identifier_German" />
  <status value="active" />
  <experimental value="false" />
  <publisher value="Kassenärztliche Bundesvereinigung (KBV)" />
  <description value="Diese Conceptmap verknüpft die Codes für den Apgarscore-Zeitpunkt mit deutschen Bezeichnungen" />
  <copyright value="Copyright © [2020], Kassenärztliche Bundesvereinigung (KBV). All rights reserved." />
  <group>
    <source value="http://snomed.info/sct" />
    <target value="https://fhir.kbv.de/CodeSystem/KBV_CS_Base_Apgar_Score_Identifier_German" />
    <element>
      <code value="169909004" />
      <display value="Apgar score at 5 minutes (observable entity)" />
      <target>
        <code value="ApgarzumZeitpunkt5MinnachGeburt" />
        <display value="Apgar zum Zeitpunkt 5 Min. nach Geburt" />
        <equivalence value="equivalent" />
      </target>
    </element>
    <element>
      <code value="169922007" />
      <display value="Apgar score at 10 minutes (observable entity)" />
      <target>
        <code value="ApgarzumZeitpunkt10MinnachGeburt" />
        <display value="Apgar zum Zeitpunkt 10 Min. nach Geburt" />
        <equivalence value="equivalent" />
      </target>
    </element>
  </group>
  <group>
    <source value="http://loinc.org" />
    <target value="https://fhir.kbv.de/CodeSystem/KBV_CS_Base_Apgar_Score_Identifier_German" />
    <element>
      <code value="9274-2" />
      <display value="5 minute Apgar Score" />
      <target>
        <code value="ApgarzumZeitpunkt5MinnachGeburt" />
        <display value="Apgar zum Zeitpunkt 5 Min. nach Geburt" />
        <equivalence value="equivalent" />
      </target>
    </element>
    <element>
      <code value="9271-8" />
      <display value="10 minute Apgar Score" />
      <target>
        <code value="ApgarzumZeitpunkt10MinnachGeburt" />
        <display value="Apgar zum Zeitpunkt 10 Min. nach Geburt" />
        <equivalence value="equivalent" />
      </target>
    </element>
  </group>
</ConceptMap>