<ConceptMap xmlns="http://hl7.org/fhir">
  <url value="https://fhir.kbv.de/ConceptMap/KBV_CM_Base_Body_Height_Snomed_German" />
  <version value="1.1.3" />
  <name value="KBV_CM_Base_Body_Height_Snomed_German" />
  <status value="active" />
  <experimental value="false" />
  <publisher value="Kassenärztliche Bundesvereinigung (KBV)" />
  <description value="Diese Conceptmap verknüpft die Codes der Körpergröße mit deutschen Bezeichnungen" />
  <copyright value="This artefact includes content from SNOMED Clinical Terms® (SNOMED CT®) which is copyright of the International Health Terminology Standards Development Organisation (IHTSDO). Implementers of these artefacts must have the appropriate SNOMED CT Affiliate license - for more information contact http://www.snomed.org/snomed-ct/getsnomed-ct or info@snomed.org." />
  <group>
    <source value="http://snomed.info/sct" />
    <target value="https://fhir.kbv.de/CodeSystem/KBV_CS_Base_Body_Height_Snomed_German" />
    <element>
      <code value="248334005" />
      <display value="Length of body (observable entity)" />
      <target>
        <code value="Koerpergroesse" />
        <display value="Körpergröße" />
        <equivalence value="equivalent" />
      </target>
    </element>
    <element>
      <code value="169886007" />
      <display value="Birth length (observable entity)" />
      <target>
        <code value="Geburtskoerperlaenge" />
        <display value="Geburtskörperlänge" />
        <equivalence value="equivalent" />
      </target>
    </element>
  </group>
  <group>
    <source value="http://loinc.org" />
    <target value="https://fhir.kbv.de/CodeSystem/KBV_CS_Base_Body_Height_Snomed_German" />
    <element>
      <code value="8302-2" />
      <display value="Body height" />
      <target>
        <code value="Koerpergroesse" />
        <display value="Körpergröße" />
        <equivalence value="equivalent" />
      </target>
    </element>
    <element>
      <code value="89269-5" />
      <display value="Body height Measured --at birth" />
      <target>
        <code value="Geburtskoerperlaenge" />
        <display value="Geburtskörperlänge" />
        <equivalence value="equivalent" />
      </target>
    </element>
  </group>
</ConceptMap>