<ConceptMap xmlns="http://hl7.org/fhir">
  <url value="https://fhir.kbv.de/ConceptMap/KBV_CM_Base_Practitioner_Function_German" />
  <version value="1.1.3" />
  <name value="KBV_CM_Base_Practitioner_Function_German" />
  <status value="active" />
  <experimental value="false" />
  <publisher value="Kassenärztliche Bundesvereinigung (KBV)" />
  <copyright value="Copyright © [2020], Kassenärztliche Bundesvereinigung (KBV). All rights reserved." />
  <description value="Diese Conceptmap verknüpft die Codes für die Funktionsbezeichnung eines Behandelnden mit deutschen Bezeichnern" />
  <group>
    <source value="http://snomed.info/sct" />
    <target value="https://fhir.kbv.de/CodeSystem/KBV_CS_Base_Practitioner_Function_German" />
    <element>
      <code value="309343006" />
      <display value="Physician (occupation)" />
      <target>
        <code value="arzt-aerztin" />
        <display value="Arzt/ Ärztin" />
        <equivalence value="equivalent" />
      </target>
    </element>
  </group>
</ConceptMap>