<StructureDefinition xmlns="http://hl7.org/fhir">
  <url value="https://fhir.kbv.de/StructureDefinition/KBV_EX_Base_Additional_Comment" />
  <version value="1.1.3" />
  <name value="KBV_EX_Base_Additional_Comment" />
  <status value="active" />
  <date value="2020-01-16" />
  <publisher value="Kassenärztliche Bundesvereinigung (KBV)" />
  <copyright value="Copyright © [2020], Kassenärztliche Bundesvereinigung (KBV). All rights reserved." />
  <fhirVersion value="4.0.1" />
  <mapping>
    <identity value="rim" />
    <uri value="http://hl7.org/v3" />
    <name value="RIM Mapping" />
  </mapping>
  <kind value="complex-type" />
  <abstract value="false" />
  <context>
    <type value="element" />
    <expression value="Element" />
  </context>
  <context>
    <type value="element" />
    <expression value="Patient" />
  </context>
  <context>
    <type value="element" />
    <expression value="Practitioner" />
  </context>
  <context>
    <type value="element" />
    <expression value="Organization" />
  </context>
  <context>
    <type value="element" />
    <expression value="Observation.bodySite" />
  </context>
  <context>
    <type value="element" />
    <expression value="Encounter" />
  </context>
  <context>
    <type value="element" />
    <expression value="DiagnosticReport" />
  </context>
  <context>
    <type value="element" />
    <expression value="Composition" />
  </context>
  <context>
    <type value="element" />
    <expression value="Observation" />
  </context>
  <context>
    <type value="element" />
    <expression value="Composition.section.section" />
  </context>
  <context>
    <type value="element" />
    <expression value="MedicationStatement" />
  </context>
  <context>
    <type value="element" />
    <expression value="Condition" />
  </context>
  <context>
    <type value="element" />
    <expression value="Patient" />
  </context>
  <type value="Extension" />
  <baseDefinition value="http://hl7.org/fhir/StructureDefinition/Extension" />
  <derivation value="constraint" />
  <differential>
    <element id="Extension">
      <path value="Extension" />
      <short value="Ergänzende Angaben" />
      <definition value="Mit diesem Profil ist eine zusätzlicher Kommentar/Information definiert worden. Dieser kann an diverse Ressourcen hinzugefügt werden. Der Informationsgehalt der beinhaltenden Ressource darf nicht grundlegend verändert oder negiert werden." />
    </element>
    <element id="Extension.url">
      <path value="Extension.url" />
      <fixedUri value="https://fhir.kbv.de/StructureDefinition/KBV_EX_Base_Additional_Comment" />
    </element>
    <element id="Extension.value[x]">
      <extension url="http://hl7.org/fhir/StructureDefinition/structuredefinition-standards-status">
        <valueCode value="normative" />
      </extension>
      <extension url="http://hl7.org/fhir/StructureDefinition/structuredefinition-normative-version">
        <valueCode value="4.0.0" />
      </extension>
      <path value="Extension.value[x]" />
      <slicing>
        <discriminator>
          <type value="type" />
          <path value="$this" />
        </discriminator>
        <rules value="open" />
      </slicing>
      <min value="1" />
      <type>
        <code value="string" />
      </type>
    </element>
    <element id="Extension.value[x]:valueString">
      <extension url="http://hl7.org/fhir/StructureDefinition/structuredefinition-standards-status">
        <valueCode value="normative" />
      </extension>
      <extension url="http://hl7.org/fhir/StructureDefinition/structuredefinition-normative-version">
        <valueCode value="4.0.0" />
      </extension>
      <path value="Extension.value[x]" />
      <sliceName value="valueString" />
      <min value="1" />
      <type>
        <code value="string" />
      </type>
    </element>
  </differential>
</StructureDefinition>