<ValueSet xmlns="http://hl7.org/fhir">
  <url value="https://fhir.kbv.de/ValueSet/KBV_VS_Base_IHEXDS_AuthorSpeciality_Restricted" />
  <version value="1.1.3" />
  <name value="KBV_VS_Base_IHEXDS_AuthorSpeciality_Restricted" />
  <title value="Rolle des Behandelnden" />
  <status value="active" />
  <experimental value="false" />
  <publisher value="Kassenärztliche Bundesvereinigung (KBV)" />
  <description value="Dieses Valueset enthält die Codes zur Beschreibung der Funktionen/Rollen des Behandelnden. Das Valueset ist eine eingekürzte Version des Valuesets http://ihe-d.de/ValueSets/IHEXDSauthorSpeciality" />
  <immutable value="false" />
  <compose>
    <include>
      <system value="urn:oid:1.2.276.0.76.5.493" />
      <concept>
        <code value="1" />
        <display value="Arzt in Facharztausbildung" />
      </concept>
      <concept>
        <code value="3" />
        <display value="Praktischer Arzt" />
      </concept>
    </include>
    <include>
      <system value="https://fhir.kbv.de/CodeSystem/KBV_CS_SFHIR_BAR2_WBO" />
      <concept>
        <code value="010" />
        <display value="FA Allgemeinmedizin" />
      </concept>
      <concept>
        <code value="020" />
        <display value="FA Anästhesiologie" />
      </concept>
      <concept>
        <code value="030" />
        <display value="FA Augenheilkunde" />
      </concept>
      <concept>
        <code value="050" />
        <display value="FA Frauenheilkunde und Geburtshilfe" />
      </concept>
      <concept>
        <code value="060" />
        <display value="FA Hals-, Nasen-, Ohrenheilkunde" />
      </concept>
      <concept>
        <code value="070" />
        <display value="FA Haut- und Geschlechtskrankheiten" />
      </concept>
      <concept>
        <code value="080" />
        <display value="FA Innere Medizin" />
      </concept>
      <concept>
        <code value="091" />
        <display value="SP Kinderkardiologie" />
      </concept>
      <concept>
        <code value="093" />
        <display value="SP Neonatologie" />
      </concept>
      <concept>
        <code value="102" />
        <display value="FA Kinder- und Jugendpsychiatrie und -psychotherapie" />
      </concept>
      <concept>
        <code value="110" />
        <display value="FA Laboratoriumsmedizin" />
      </concept>
      <concept>
        <code value="130" />
        <display value="FA Mund-Kiefer-Gesichts-Chirurgie" />
      </concept>
      <concept>
        <code value="142" />
        <display value="FA Neurologie" />
      </concept>
      <concept>
        <code value="147" />
        <display value="FA Psychiatrie und Psychotherapie" />
      </concept>
      <concept>
        <code value="150" />
        <display value="FA Neurochirurgie" />
      </concept>
      <concept>
        <code value="170" />
        <display value="FA Pathologie" />
      </concept>
      <concept>
        <code value="180" />
        <display value="FA Pharmakologie und Toxikologie" />
      </concept>
      <concept>
        <code value="196" />
        <display value="SP Kinderradiologie" />
      </concept>
      <concept>
        <code value="197" />
        <display value="SP Neuroradiologie" />
      </concept>
      <concept>
        <code value="200" />
        <display value="FA Urologie" />
      </concept>
      <concept>
        <code value="210" />
        <display value="FA Arbeitsmedizin" />
      </concept>
      <concept>
        <code value="220" />
        <display value="FA Nuklearmedizin" />
      </concept>
      <concept>
        <code value="230" />
        <display value="FA Öffentliches Gesundheitswesen" />
      </concept>
      <concept>
        <code value="240" />
        <display value="FA Rechtsmedizin" />
      </concept>
      <concept>
        <code value="250" />
        <display value="FA Hygiene und Umweltmedizin" />
      </concept>
      <concept>
        <code value="271" />
        <display value="FA Neuropathologie" />
      </concept>
      <concept>
        <code value="281" />
        <display value="FA Klinische Pharmakologie" />
      </concept>
      <concept>
        <code value="291" />
        <display value="FA Strahlentherapie" />
      </concept>
      <concept>
        <code value="301" />
        <display value="FA Anatomie" />
      </concept>
      <concept>
        <code value="302" />
        <display value="FA Biochemie" />
      </concept>
      <concept>
        <code value="303" />
        <display value="FA Transfusionsmedizin" />
      </concept>
      <concept>
        <code value="304" />
        <display value="FA Kinderchirurgie" />
      </concept>
      <concept>
        <code value="308" />
        <display value="FA Physiologie" />
      </concept>
      <concept>
        <code value="313" />
        <display value="FA Herzchirurgie" />
      </concept>
      <concept>
        <code value="314" />
        <display value="FA Humangenetik" />
      </concept>
      <concept>
        <code value="330" />
        <display value="FA Physikalische und Rehabilitative Medizin" />
      </concept>
      <concept>
        <code value="341" />
        <display value="FA Kinder-und Jugendmedizin" />
      </concept>
      <concept>
        <code value="359" />
        <display value="Fachzahnarzt für Mikrobiologie" />
      </concept>
      <concept>
        <code value="360" />
        <display value="Fachzahnarzt für Kieferchirurgie (§ 6 Abs. 1 BMV)" />
      </concept>
      <concept>
        <code value="361" />
        <display value="Fachzahnarzt für theoretisch-experimentelle Medizin" />
      </concept>
      <concept>
        <code value="511" />
        <display value="FA Gefäßchirurgie" />
      </concept>
      <concept>
        <code value="512" />
        <display value="FA Orthopädie und Unfallchirurgie" />
      </concept>
      <concept>
        <code value="513" />
        <display value="FA Thoraxchirurgie" />
      </concept>
      <concept>
        <code value="514" />
        <display value="FA Visceralchirurgie" />
      </concept>
      <concept>
        <code value="515" />
        <display value="SP Gynäkologische Onkologie" />
      </concept>
      <concept>
        <code value="516" />
        <display value="SP Gynäkologische Endokrinologie und Reproduktionsmedizin" />
      </concept>
      <concept>
        <code value="517" />
        <display value="SP Spezielle Geburtshilfe und Perinatalmedizin" />
      </concept>
      <concept>
        <code value="518" />
        <display value="FA Sprach-, Stimm- und kindliche Hörstörungen" />
      </concept>
      <concept>
        <code value="521" />
        <display value="FA Innere Medizin und (SP) Angiologie" />
      </concept>
      <concept>
        <code value="522" />
        <display value="FA Innere Medizin und (SP) Endokrinologie und Diabetologie" />
      </concept>
      <concept>
        <code value="523" />
        <display value="FA Innere Medizin und (SP) Gastroenterologie" />
      </concept>
      <concept>
        <code value="524" />
        <display value="FA Innere Medizin und (SP) Hämatologie und Onkologie" />
      </concept>
      <concept>
        <code value="525" />
        <display value="FA Innere Medizin und (SP) Kardiologie" />
      </concept>
      <concept>
        <code value="526" />
        <display value="FA Innere Medizin und (SP) Nephrologie" />
      </concept>
      <concept>
        <code value="527" />
        <display value="FA Innere Medizin und (SP) Pneumologie" />
      </concept>
      <concept>
        <code value="528" />
        <display value="FA Innere Medizin und (SP) Rheumatologie" />
      </concept>
      <concept>
        <code value="530" />
        <display value="SP Kinder-Hämatologie und -Onkologie" />
      </concept>
      <concept>
        <code value="531" />
        <display value="SP Neuropädiatrie" />
      </concept>
      <concept>
        <code value="532" />
        <display value="FA Mikrobiologie, Virologie und Infektionsepidemiologie" />
      </concept>
      <concept>
        <code value="533" />
        <display value="SP Forensische Psychiatrie" />
      </concept>
      <concept>
        <code value="534" />
        <display value="FA Psychosomatische Medizin und Psychotherapie" />
      </concept>
      <concept>
        <code value="535" />
        <display value="FA Radiologie (neue (M-)WBO)" />
      </concept>
      <concept>
        <code value="542" />
        <display value="FA Plastische und Ästhetische Chirurgie" />
      </concept>
      <concept>
        <code value="544" />
        <display value="FA Allgemeinchirurgie" />
      </concept>
    </include>
    <include>
      <system value="urn:oid:1.2.276.0.76.5.492" />
      <concept>
        <code value="1" />
        <display value="Zahnarzt" />
      </concept>
      <concept>
        <code value="2" />
        <display value="FZA Allgemeine Zahnheilkunde" />
      </concept>
      <concept>
        <code value="3" />
        <display value="FZA Parodontologie" />
      </concept>
      <concept>
        <code value="4" />
        <display value="FZA Oralchirurgie" />
      </concept>
      <concept>
        <code value="5" />
        <display value="FZA Kieferorthopädie" />
      </concept>
      <concept>
        <code value="6" />
        <display value="FZA öffentliches Gesundheitswesen" />
      </concept>
    </include>
    <include>
      <system value="urn:oid:1.3.6.1.4.1.19376.3.276.1.5.11" />
      <concept>
        <code value="2" />
        <display value="Arzthilfe, Praxisorganisation, -verwaltung" />
      </concept>
      <concept>
        <code value="179" />
        <display value="Physician Assistant" />
      </concept>
      <concept>
        <code value="4" />
        <display value="Medizinischer Fachangestellter" />
      </concept>
      <concept>
        <code value="6" />
        <display value="Zahnmedizinischer Fachangestellter" />
      </concept>
      <concept>
        <code value="33" />
        <display value="Kranken-, Altenpflege, Geburtshilfe" />
      </concept>
      <concept>
        <code value="34" />
        <display value="Altenpflegehelfer" />
      </concept>
      <concept>
        <code value="35" />
        <display value="Altenpfleger" />
      </concept>
      <concept>
        <code value="37" />
        <display value="Gesundheits- und Kinderkrankenpfleger" />
      </concept>
      <concept>
        <code value="38" />
        <display value="Gesundheits- und Krankenpflegehelfer" />
      </concept>
      <concept>
        <code value="39" />
        <display value="Gesundheits- und Krankenpfleger" />
      </concept>
      <concept>
        <code value="41" />
        <display value="Hebamme / Entbindungspfleger" />
      </concept>
      <concept>
        <code value="47" />
        <display value="Nichtärztliche Behandlung, Therapie (außer Psychotherapie)" />
      </concept>
      <concept>
        <code value="48" />
        <display value="Akademischer Sprachtherapeut" />
      </concept>
      <concept>
        <code value="50" />
        <display value="Ergotherapeut" />
      </concept>
      <concept>
        <code value="53" />
        <display value="Klinischer Linguist" />
      </concept>
      <concept>
        <code value="55" />
        <display value="Logopäde" />
      </concept>
      <concept>
        <code value="60" />
        <display value="Physiotherapeut" />
      </concept>
      <concept>
        <code value="69" />
        <display value="Pharmazeutische Beratung, Pharmavertrieb" />
      </concept>
      <concept>
        <code value="70" />
        <display value="Apotheker /Fachapotheker" />
      </concept>
      <concept>
        <code value="71" />
        <display value="Pharmazeut" />
      </concept>
      <concept>
        <code value="72" />
        <display value="Pharmazeutisch-technischer Assistent – PTA" />
      </concept>
      <concept>
        <code value="73" />
        <display value="Pharmazeutisch-kaufmännischer Angestellter" />
      </concept>
      <concept>
        <code value="180" />
        <display value="Pharmazieingenieur" />
      </concept>
      <concept>
        <code value="181" />
        <display value="Apothekenassistent" />
      </concept>
      <concept>
        <code value="182" />
        <display value="Apothekerassistent" />
      </concept>
      <concept>
        <code value="74" />
        <display value="Psychologische Analyse, Beratung, Therapie" />
      </concept>
      <concept>
        <code value="75" />
        <display value="Gesundheits- und Rehabilitationspsychologe" />
      </concept>
      <concept>
        <code value="76" />
        <display value="Kinder- und Jugendpsychotherapeut" />
      </concept>
      <concept>
        <code value="77" />
        <display value="Klinischer Psychologe" />
      </concept>
      <concept>
        <code value="78" />
        <display value="Kommunikationspsychologe" />
      </concept>
      <concept>
        <code value="79" />
        <display value="Pädagogischer Psychologe" />
      </concept>
      <concept>
        <code value="80" />
        <display value="Psychoanalytiker" />
      </concept>
      <concept>
        <code value="81" />
        <display value="Psychologe" />
      </concept>
      <concept>
        <code value="82" />
        <display value="Psychologischer Psychotherapeut" />
      </concept>
      <concept>
        <code value="86" />
        <display value="Rettungsdienst" />
      </concept>
      <concept>
        <code value="88" />
        <display value="Notfallsanitäter" />
      </concept>
      <concept>
        <code value="89" />
        <display value="Rettungsassistent" />
      </concept>
      <concept>
        <code value="91" />
        <display value="Rettungssanitäter" />
      </concept>
      <concept>
        <code value="144" />
        <display value="Chemie, naturwissenschaftliche Laboranalyse (außer MTA)" />
      </concept>
      <concept>
        <code value="145" />
        <display value="Biochemiker (z.B. klinische Chemie)" />
      </concept>
      <concept>
        <code value="146" />
        <display value="Chemiker (z.B. klinische Chemie)" />
      </concept>
      <concept>
        <code value="147" />
        <display value="Humangenetiker" />
      </concept>
      <concept>
        <code value="148" />
        <display value="Mikrobiologe" />
      </concept>
    </include>
  </compose>
</ValueSet>