<ValueSet xmlns="http://hl7.org/fhir">
  <url value="https://fhir.kbv.de/ValueSet/KBV_VS_Base_Body_Weight_Loinc" />
  <version value="1.1.3" />
  <name value="KBV_VS_Base_Body_Weight_Loinc" />
  <title value="Loinccodes für die Koerpergroesse" />
  <status value="active" />
  <experimental value="false" />
  <publisher value="Kassenärztliche Bundesvereinigung (KBV)" />
  <description value="Körpergewicht" />
  <immutable value="false" />
  <compose>
    <include>
      <system value="http://loinc.org" />
      <version value="2.68" />
      <concept>
        <code value="29463-7" />
        <display value="Body weight" />
      </concept>
      <concept>
        <code value="8339-4" />
        <display value="Birth weight Measured" />
      </concept>
    </include>
  </compose>
</ValueSet>