<ValueSet xmlns="http://hl7.org/fhir">
  <url value="https://fhir.kbv.de/ValueSet/KBV_VS_Base_Practitioner_Speciality_Addendum" />
  <version value="1.1.3" />
  <name value="KBV_VS_Base_Practitioner_Speciality_Addendum" />
  <title value="Rolle des Behandelnden" />
  <status value="active" />
  <experimental value="false" />
  <publisher value="Kassenärztliche Bundesvereinigung (KBV)" />
  <description value="Dieses Valueset enthält die Codes zur Beschreibung der Funktionen/Rollen des Behandelnden. Das Valueset erweitert die vorhandenen Codes aus der IHEXDS AuthorSpeciality." />
  <immutable value="false" />
  <copyright value="This artefact includes content from SNOMED Clinical Terms® (SNOMED CT®) which is copyright of the International Health Terminology Standards Development Organisation (IHTSDO). Implementers of these artefacts must have the appropriate SNOMED CT Affiliate license - for more information contact http://www.snomed.org/snomed-ct/getsnomed-ct or info@snomed.org." />
  <compose>
    <include>
      <system value="http://snomed.info/sct" />
      <version value="http://snomed.info/sct/900000000000207008/version/20200131" />
      <concept>
        <code value="309343006" />
        <display value="Physician (occupation)" />
      </concept>
    </include>
    <include>
      <system value="https://fhir.kbv.de/CodeSystem/KBV_CS_SFHIR_BAR2_WBO" />
      <concept>
        <code value="042" />
        <display value="SP Unfallchirurgie" />
      </concept>
      <concept>
        <code value="096" />
        <display value="TG Kindernephrologie" />
      </concept>
      <concept>
        <code value="097" />
        <display value="TG Kinder-Lungen- u. Bronchialheilkunde" />
      </concept>
      <concept>
        <code value="140" />
        <display value="FA Nervenheilkunde" />
      </concept>
      <concept>
        <code value="143" />
        <display value="Psychotherapeutisch tätiger Arzt" />
      </concept>
      <concept>
        <code value="160" />
        <display value="FA Orthopädie" />
      </concept>
      <concept>
        <code value="161" />
        <display value="SP Rheumatologie" />
      </concept>
      <concept>
        <code value="171" />
        <display value="TG Neuropathologie" />
      </concept>
      <concept>
        <code value="192" />
        <display value="TG Neuroradiologie" />
      </concept>
      <concept>
        <code value="536" />
        <display value="SP Kinder-Endokrinologie und -Diabetologie" />
      </concept>
      <concept>
        <code value="537" />
        <display value="SP Kinder-Gastroenterologie" />
      </concept>
    </include>
  </compose>
</ValueSet>