<ValueSet xmlns="http://hl7.org/fhir">
  <url value="https://fhir.kbv.de/ValueSet/KBV_VS_Base_Body_Weight_Snomed" />
  <version value="1.1.3" />
  <name value="KBV_VS_Base_Body_Weight_Snomed" />
  <title value="Koerpergroesse" />
  <status value="active" />
  <experimental value="false" />
  <publisher value="Kassenärztliche Bundesvereinigung (KBV)" />
  <description value="Snomedcodes für das Körpergewicht" />
  <immutable value="false" />
  <copyright value="This artefact includes content from SNOMED Clinical Terms® (SNOMED CT®) which is copyright of the International Health Terminology Standards Development Organisation (IHTSDO). Implementers of these artefacts must have the appropriate SNOMED CT Affiliate license - for more information contact http://www.snomed.org/snomed-ct/getsnomed-ct or info@snomed.org." />
  <compose>
    <include>
      <system value="http://snomed.info/sct" />
      <version value="http://snomed.info/sct/900000000000207008/version/20200731" />
      <concept>
        <code value="784399000" />
        <display value="Self reported body weight (observable entity)" />
      </concept>
      <concept>
        <code value="735395000" />
        <display value="Current body weight (observable entity)" />
      </concept>
      <concept>
        <code value="445541000" />
        <display value="Dry body weight (observable entity)" />
      </concept>
      <concept>
        <code value="443245006" />
        <display value="Estimated weight using Broselow Luten pediatric weight estimation (observable entity)" />
      </concept>
      <concept>
        <code value="425024002" />
        <display value="Body weight without shoes (observable entity)" />
      </concept>
      <concept>
        <code value="424927000" />
        <display value="Body weight with shoes (observable entity)" />
      </concept>
      <concept>
        <code value="400967004" />
        <display value="Baseline weight (observable entity)" />
      </concept>
      <concept>
        <code value="364589006" />
        <display value="Birth weight (observable entity)" />
      </concept>
      <concept>
        <code value="363808001" />
        <display value="Measured body weight (observable entity)" />
      </concept>
      <concept>
        <code value="248351003" />
        <display value="Previous well-weight (observable entity)" />
      </concept>
      <concept>
        <code value="27113001" />
        <display value="Body weight (observable entity)" />
      </concept>
    </include>
    <exclude>
      <system value="http://snomed.info/sct" />
      <version value="http://snomed.info/sct/900000000000207008/version/20200731" />
      <concept>
        <code value="301334000" />
        <display value="Birth weight centile (observable entity)" />
      </concept>
    </exclude>
  </compose>
</ValueSet>