<ValueSet xmlns="http://hl7.org/fhir">
  <url value="https://fhir.kbv.de/ValueSet/KBV_VS_Base_BodyWeight_Unit" />
  <version value="1.1.3" />
  <name value="KBV_VS_Base_BodyWeight_Unit" />
  <title value="Messung Körpergewicht Einheit" />
  <status value="active" />
  <experimental value="false" />
  <description value="Zur Auswahl stehende Einheiten bei der Messung des Körpergewichts" />
  <immutable value="false" />
  <copyright value="Hinweis: This product includes all or a portion of the UCUM table, UCUM codes, and UCUM definitions or is derived from it, subject to a license from Regenstrief Institute, Inc. and The UCUM Organization. Your use of the UCUM table, UCUM codes, UCUM definitions also is subject to this license, a copy of which is available at ​http://unitsofmeasure.org. The current complete UCUM table, UCUM Specification are available for download at ​http://unitsofmeasure.org. The UCUM table and UCUM codes are copyright © 1995-2009, Regenstrief Institute, Inc. and the Unified Codes for Units of Measures (UCUM) Organization. All rights reserved.   THE UCUM TABLE (IN ALL FORMATS), UCUM DEFINITIONS, AND SPECIFICATION ARE PROVIDED 'AS IS'. ANY EXPRESS OR IMPLIED WARRANTIES ARE DISCLAIMED, INCLUDING, BUT NOT LIMITED TO, THE IMPLIED WARRANTIES OF MERCHANTABILITY AND FITNESS FOR A PARTICULAR PURPOSE." />
  <compose>
    <include>
      <system value="http://unitsofmeasure.org" />
      <version value="2.1" />
      <concept>
        <code value="g" />
      </concept>
      <concept>
        <code value="kg" />
      </concept>
    </include>
  </compose>
</ValueSet>