<Observation xmlns="http://hl7.org/fhir">
  <id value="9e67bb0c-edf6-458c-a044-d473f792cdas" />
  <meta>
    <profile value="https://fhir.kbv.de/StructureDefinition/KBV_PR_Base_Observation_Body_Height|1.1.2" />
  </meta>
  <status value="final" />
  <code>
    <coding>
      <system value="http://snomed.info/sct" />
      <version value="http://snomed.info/sct/900000000000207008/version/20200731" />
      <code value="248334005" />
      <display value="Length of body (observable entity)">
        <extension url="https://fhir.kbv.de/StructureDefinition/KBV_EX_Base_Terminology_German">
          <extension url="content">
            <valueString value="Körpergröße" />
          </extension>
        </extension>
      </display>
    </coding>
    <coding>
      <system value="http://loinc.org" />
      <version value="2.68" />
      <code value="8302-2" />
      <display value="Body height">
        <extension url="https://fhir.kbv.de/StructureDefinition/KBV_EX_Base_Terminology_German">
          <extension url="content">
            <valueString value="Körpergröße" />
          </extension>
        </extension>
      </display>
    </coding>
  </code>
  <subject>
    <reference value="urn:uuid:6a15cff6-3cc1-4bf2-ab66-1cc6316e6777" />
  </subject>
  <effectiveDateTime value="2020-01-02" />
  <performer>
    <reference value="urn:uuid:8ad1ee6c-6164-493a-be52-c43cf49e9916" />
  </performer>
  <valueQuantity>
    <value value="180" />
    <unit value="cm" />
    <system value="http://unitsofmeasure.org" />
    <code value="cm" />
  </valueQuantity>
</Observation>