<CodeSystem xmlns="http://hl7.org/fhir"><id value="anlage-8-laenderkennzeichen" /><meta><profile value="http://hl7.org/fhir/StructureDefinition/shareablecodesystem" /></meta><url value="http://fhir.de/CodeSystem/deuev/anlage-8-laenderkennzeichen" /><version value="2.56" /><name value="DeuevAnlage8Laenderkennzeichen" /><status value="draft" /><experimental value="true" /><date value="2017-09-15" /><publisher value="HL7 Deutschland e.V. (Technisches Komitee FHIR)" /><contact><telecom><system value="other" /><value value="http://hl7.de/technische-komitees/fhir/" /></telecom></contact><description value="Staatsangehörigkeit und Länderkennzeichen für Auslandsanschriften. Diese Übersicht basiert auf dem in der Staats- und Gebietssystematik des statistischen Bundesamtes verwendeten Schlüsselverzeichnis. Insofern wird bei den folgenden verwendeten Bezeichnungen, ihrer Auswahl und der Art der Wiedergabe des Inhalts nicht zum völker- oder staatsrechtlichen Status von Ländern, Hoheitsgebieten, Städten oder Gebieten oder ihrer Behörden oder zum Verlauf ihrer Grenzen oder Grenzlinien Stellung genommen." /><copyright value="GKV-Spitzenverband" /><caseSensitive value="true" /><content value="complete" /><concept><code value="D" /><display value="Deutschland" /></concept><concept><code value="AFG" /><display value="Afghanistan" /></concept><concept><code value="ET" /><display value="Ägypten" /></concept><concept><code value="AL" /><display value="Albanien" /></concept><concept><code value="DZ" /><display value="Algerien" /></concept><concept><code value="AJ" /><display value="Amerik.-Jungferninseln" /></concept><concept><code value="AS" /><display value="Amerik.-Samoa" /></concept><concept><code value="AND" /><display value="Andorra" /></concept><concept><code value="AGO" /><display value="Angola" /></concept><concept><code value="ANG" /><display value="Anguilla" /></concept><concept><code value="ANT" /><display value="Antigua und Barbuda" /></concept><concept><code value="AQU" /><display value="Äquatorialguinea" /></concept><concept><code value="RA" /><display value="Argentinien" /></concept><concept><code value="ARM" /><display value="Armenien" /></concept><concept><code value="ASE" /><display value="Aserbaidschan" /></concept><concept><code value="ETH" /><display value="Äthiopien" /></concept><concept><code value="AUS" /><display value="Australien" /></concept><concept><code value="BS" /><display value="Bahamas" /></concept><concept><code value="BRN" /><display value="Bahrain" /></concept><concept><code value="BD" /><display value="Bangladesch" /></concept><concept><code value="BDS" /><display value="Barbados" /></concept><concept><code value="B" /><display value="Belgien" /></concept><concept><code value="BH" /><display value="Belize" /></concept><concept><code value="DY" /><display value="Benin" /></concept><concept><code value="BER" /><display value="Bermuda" /></concept><concept><code value="BHT" /><display value="Bhutan" /></concept><concept><code value="BOL" /><display value="Bolivien" /></concept><concept><code value="BIH" /><display value="Bosnien und Herzegowina" /></concept><concept><code value="RB" /><display value="Botsuana" /></concept><concept><code value="BR" /><display value="Brasilien" /></concept><concept><code value="BJ" /><display value="Brit.-Jungferninseln" /></concept><concept><code value="BRU" /><display value="Brunei Darussalam" /></concept><concept><code value="BG" /><display value="Bulgarien" /></concept><concept><code value="HV" /><display value="Burkina Faso" /></concept><concept><code value="RU" /><display value="Burundi" /></concept><concept><code value="RCH" /><display value="Chile" /></concept><concept><code value="TJ" /><display value="China" /></concept><concept><code value="COI" /><display value="Cookinseln" /></concept><concept><code value="CR" /><display value="Costa Rica" /></concept><concept><code value="CI" /><display value="Cote d ́Ivoire" /></concept><concept><code value="DK" /><display value="Dänemark" /></concept><concept><code value="WD" /><display value="Dominica" /></concept><concept><code value="DOM" /><display value="Dominikanische Republik" /></concept><concept><code value="DSC" /><display value="Dschibuti" /></concept><concept><code value="EC" /><display value="Ecuador" /></concept><concept><code value="ES" /><display value="El Salvador" /></concept><concept><code value="ERI" /><display value="Eritrea" /></concept><concept><code value="EST" /><display value="Estland" /></concept><concept><code value="FAL" /><display value="Falklandinseln" /></concept><concept><code value="FR" /><display value="Färöer" /></concept><concept><code value="FJI" /><display value="Fidschi" /></concept><concept><code value="FIN" /><display value="Finnland" /></concept><concept><code value="F" /><display value="Frankreich" /></concept><concept><code value="FG" /><display value="Franz.-Guayana" /></concept><concept><code value="FP" /><display value="Franz.-Polynesien" /></concept><concept><code value="GAB" /><display value="Gabun" /></concept><concept><code value="WAG" /><display value="Gambia" /></concept><concept><code value="GEO" /><display value="Georgien" /></concept><concept><code value="GH" /><display value="Ghana" /></concept><concept><code value="GIB" /><display value="Gibraltar" /></concept><concept><code value="WG" /><display value="Grenada" /></concept><concept><code value="GR" /><display value="Griechenland" /></concept><concept><code value="GRO" /><display value="Grönland" /></concept><concept><code value="GB" /><display value="Großbritannien und Nordirland" /></concept><concept><code value="GUA" /><display value="Guadeloupe" /></concept><concept><code value="GUM" /><display value="Guam" /></concept><concept><code value="GCA" /><display value="Guatemala" /></concept><concept><code value="RG" /><display value="Guinea" /></concept><concept><code value="GUB" /><display value="Guinea-Bissau" /></concept><concept><code value="GUY" /><display value="Guyana" /></concept><concept><code value="RH" /><display value="Haiti" /></concept><concept><code value="HCA" /><display value="Honduras" /></concept><concept><code value="HKG" /><display value="Hongkong" /></concept><concept><code value="IND" /><display value="Indien" /></concept><concept><code value="RI" /><display value="Indonesien" /></concept><concept><code value="MAN" /><display value="Insel Man" /></concept><concept><code value="IRQ" /><display value="Irak" /></concept><concept><code value="IR" /><display value="&quot;Iran, Islamische Republik&quot;" /></concept><concept><code value="IRL" /><display value="Irland" /></concept><concept><code value="IS" /><display value="Island" /></concept><concept><code value="IL" /><display value="Israel" /></concept><concept><code value="I" /><display value="Italien" /></concept><concept><code value="JA" /><display value="Jamaika" /></concept><concept><code value="J" /><display value="Japan" /></concept><concept><code value="YEM" /><display value="Jemen" /></concept><concept><code value="JOR" /><display value="Jordanien" /></concept><concept><code value="YU" /><display value="Jugoslawien" /></concept><concept><code value="KAI" /><display value="Kaimaninseln" /></concept><concept><code value="K" /><display value="Kambodscha" /></concept><concept><code value="CAM" /><display value="Kamerun" /></concept><concept><code value="CDN" /><display value="Kanada" /></concept><concept><code value="KAN" /><display value="Kanalinseln" /></concept><concept><code value="CV" /><display value="Kap Verde" /></concept><concept><code value="KAS" /><display value="Kasachstan" /></concept><concept><code value="QAT" /><display value="Katar/Qatar" /></concept><concept><code value="EAK" /><display value="Kenia" /></concept><concept><code value="KIS" /><display value="Kirgisistan" /></concept><concept><code value="KIB" /><display value="Kiribati" /></concept><concept><code value="CO" /><display value="Kolumbien" /></concept><concept><code value="KOM" /><display value="Komoren" /></concept><concept><code value="RCB" /><display value="Kongo" /></concept><concept><code value="ZRE" /><display value="&quot;Kongo, Dem. Republik&quot;" /></concept><concept><code value="KOR" /><display value="&quot;Korea, Dem. Volksrepublik&quot;" /></concept><concept><code value="ROK" /><display value="&quot;Korea, Republik&quot;" /></concept><concept><code value="KOS" /><display value="Kosovo" /></concept><concept><code value="HR" /><display value="Kroatien" /></concept><concept><code value="C" /><display value="Kuba" /></concept><concept><code value="KWT" /><display value="Kuwait" /></concept><concept><code value="LAO" /><display value="&quot;Laos, Dem. Volksrepublik&quot;" /></concept><concept><code value="LS" /><display value="Lesotho" /></concept><concept><code value="LV" /><display value="Lettland" /></concept><concept><code value="RL" /><display value="Libanon" /></concept><concept><code value="LB" /><display value="Liberia" /></concept><concept><code value="LAR" /><display value="Libyen" /></concept><concept><code value="FL" /><display value="Liechtenstein" /></concept><concept><code value="LT" /><display value="Litauen" /></concept><concept><code value="L" /><display value="Luxemburg" /></concept><concept><code value="MAC" /><display value="Macau" /></concept><concept><code value="RM" /><display value="Madagaskar" /></concept><concept><code value="MK" /><display value="Makedonien / Mazedonien" /></concept><concept><code value="MW" /><display value="Malawi" /></concept><concept><code value="MAL" /><display value="Malaysia" /></concept><concept><code value="BIO" /><display value="Malediven" /></concept><concept><code value="RMM" /><display value="Mali" /></concept><concept><code value="M" /><display value="Malta" /></concept><concept><code value="MA" /><display value="Marokko" /></concept><concept><code value="MAR" /><display value="Marshallinseln" /></concept><concept><code value="MAT" /><display value="Martinique" /></concept><concept><code value="RIM" /><display value="Mauretanien" /></concept><concept><code value="MS" /><display value="Mauritius" /></concept><concept><code value="MAY" /><display value="Mayotte" /></concept><concept><code value="MEX" /><display value="Mexiko" /></concept><concept><code value="MIK" /><display value="&quot;Mikronesien, Föderierte Staaten von&quot;" /></concept><concept><code value="MD" /><display value="Moldau" /></concept><concept><code value="MC" /><display value="Monaco" /></concept><concept><code value="MON" /><display value="Mongolei" /></concept><concept><code value="MNE" /><display value="Montenegro" /></concept><concept><code value="MOT" /><display value="Montserrat" /></concept><concept><code value="MOZ" /><display value="Mosambik" /></concept><concept><code value="MYA" /><display value="Myanmar" /></concept><concept><code value="SWA" /><display value="Namibia" /></concept><concept><code value="NAU" /><display value="Nauru" /></concept><concept><code value="NEP" /><display value="Nepal" /></concept><concept><code value="NKA" /><display value="Neukaledonien" /></concept><concept><code value="NZ" /><display value="Neuseeland" /></concept><concept><code value="NIC" /><display value="Nicaragua" /></concept><concept><code value="NL" /><display value="Niederlande" /></concept><concept><code value="NLA" /><display value="Niederländische Antillen" /></concept><concept><code value="RN" /><display value="Niger" /></concept><concept><code value="WAN" /><display value="Nigeria" /></concept><concept><code value="NIU" /><display value="Niue" /></concept><concept><code value="NMA" /><display value="Nördliche Marianen" /></concept><concept><code value="N" /><display value="Norwegen" /></concept><concept><code value="MAO" /><display value="Oman" /></concept><concept><code value="A" /><display value="Österreich" /></concept><concept><code value="PK" /><display value="Pakistan" /></concept><concept><code value="PSE" /><display value="Palästinensische Gebiete" /></concept><concept><code value="PAL" /><display value="Palau" /></concept><concept><code value="PA" /><display value="Panama" /></concept><concept><code value="PNG" /><display value="Papua-Neugiunea" /></concept><concept><code value="PY" /><display value="Paraguay" /></concept><concept><code value="PIN" /><display value="Pazifische Inseln (Marianen- und Karolineninseln)" /></concept><concept><code value="PE" /><display value="Peru" /></concept><concept><code value="RP" /><display value="Philippinen" /></concept><concept><code value="PIT" /><display value="Pitcairn-Insel" /></concept><concept><code value="PL" /><display value="Polen" /></concept><concept><code value="P" /><display value="Portugal" /></concept><concept><code value="PRI" /><display value="Puerto Rico" /></concept><concept><code value="REU" /><display value="Réunion" /></concept><concept><code value="RWA" /><display value="Ruanda" /></concept><concept><code value="RO" /><display value="Rumänien" /></concept><concept><code value="RUS" /><display value="Russische Föderation" /></concept><concept><code value="PIE" /><display value="Saint Pierre und Miquelon" /></concept><concept><code value="SOL" /><display value="Salomonen" /></concept><concept><code value="Z" /><display value="Sambia" /></concept><concept><code value="WS" /><display value="Samoa" /></concept><concept><code value="RSM" /><display value="San Marino" /></concept><concept><code value="STP" /><display value="Sao Tomé und Principe" /></concept><concept><code value="SAU" /><display value="Saudi-Arabien" /></concept><concept><code value="S" /><display value="Schweden" /></concept><concept><code value="CH" /><display value="Schweiz" /></concept><concept><code value="SN" /><display value="Senegal" /></concept><concept><code value="SRB" /><display value="Serbien (einschl. Kosovo)" /></concept><concept><code value="SCG" /><display value="Serbien und Montenegro" /></concept><concept><code value="SY" /><display value="Seychellen" /></concept><concept><code value="WAL" /><display value="Sierra Leone" /></concept><concept><code value="ZW" /><display value="Simbabwe" /></concept><concept><code value="SGP" /><display value="Singapur" /></concept><concept><code value="SK" /><display value="Slowakei" /></concept><concept><code value="SLO" /><display value="Slowenien" /></concept><concept><code value="SP" /><display value="Somalia" /></concept><concept><code value="E" /><display value="Spanien" /></concept><concept><code value="CL" /><display value="Sri Lanka" /></concept><concept><code value="HEL" /><display value="St. Helena einschl. Ascension" /></concept><concept><code value="SCN" /><display value="St. Kitts und Nevis" /></concept><concept><code value="WL" /><display value="St. Lucia" /></concept><concept><code value="WV" /><display value="St. Vincent und die Grenadinen" /></concept><concept><code value="ZA" /><display value="Südafrika" /></concept><concept><code value="SUD" /><display value="Sudan" /></concept><concept><code value="SDN" /><display value="Republik Sudan (ohne Südsudan)" /></concept><concept><code value="SSD" /><display value="Südsudan (Republik Südsudan)" /></concept><concept><code value="SME" /><display value="Suriname" /></concept><concept><code value="SD" /><display value="Swasiland" /></concept><concept><code value="SYR" /><display value="&quot;Syrien, Arabische Republik&quot;" /></concept><concept><code value="TAD" /><display value="Tadschikistan" /></concept><concept><code value="TWN" /><display value="Taiwan" /></concept><concept><code value="EAT" /><display value="&quot;Tansania, Vereinigte Republik&quot;" /></concept><concept><code value="T" /><display value="Thailand" /></concept><concept><code value="OTI" /><display value="Timor-Leste" /></concept><concept><code value="TG" /><display value="Togo" /></concept><concept><code value="TOK" /><display value="Tokelau-Inseln" /></concept><concept><code value="TON" /><display value="Tonga" /></concept><concept><code value="TT" /><display value="Trinidad und Tobago" /></concept><concept><code value="CHD" /><display value="Tschad" /></concept><concept><code value="CZ" /><display value="Tschechische Republik" /></concept><concept><code value="TN" /><display value="Tunesien" /></concept><concept><code value="TR" /><display value="Türkei" /></concept><concept><code value="TUR" /><display value="Turkmenistan" /></concept><concept><code value="TUC" /><display value="Turks- und Caicosinseln" /></concept><concept><code value="TUV" /><display value="Tuvalu" /></concept><concept><code value="EAU" /><display value="Uganda" /></concept><concept><code value="UA" /><display value="Ukraine" /></concept><concept><code value="H" /><display value="Ungarn" /></concept><concept><code value="ROU" /><display value="Uruguay" /></concept><concept><code value="USB" /><display value="Usbekistan" /></concept><concept><code value="VAN" /><display value="Vanuatu" /></concept><concept><code value="V" /><display value="Vatikanstadt" /></concept><concept><code value="YV" /><display value="Venezuela" /></concept><concept><code value="UAE" /><display value="Vereinigte Arabische Emirate" /></concept><concept><code value="USA" /><display value="Vereinigte Staaten" /></concept><concept><code value="VN" /><display value="Vietnam" /></concept><concept><code value="BY" /><display value="Weißrußland (Belarus)" /></concept><concept><code value="RCA" /><display value="Zentralafrikanische Republik" /></concept><concept><code value="CY" /><display value="Zypern" /></concept></CodeSystem>