<CodeSystem xmlns="http://hl7.org/fhir">
	<id value="ops" />
	<url value="http://fhir.de/CodeSystem/dimdi/ops" />
	<name value="OPS" />
	<status value="draft" />
	<experimental value="true" />
	<date value="2018-11-17" />
	<publisher value="HL7 Deutschland e.V. (Technisches Komitee FHIR)" />
	<contact>
		<telecom>
			<system value="other" />
			<value value="http://hl7.de/technische-komitees/fhir/" />
		</telecom>
	</contact>
	<description value="OPS Platzhalter-CodeSystem" />
	<copyright value="DIMDI - Deutsches Institut für Medizinische Dokumentation und Information" />
	<caseSensitive value="true" />
	<content value="not-present" />
</CodeSystem>