<CodeSystem xmlns="http://hl7.org/fhir"><id value="identifier-type-de-basis" /><meta><profile value="http://hl7.org/fhir/StructureDefinition/shareablecodesystem" /></meta><url value="http://fhir.de/CodeSystem/identifier-type-de-basis" /><version value="0.9.13" /><name value="IdentifierTypeDeBasis" /><status value="draft" /><experimental value="true" /><date value="2017-12-06" /><publisher value="HL7 Deutschland e.V. (Technisches Komitee FHIR)" /><contact><telecom><system value="other" /><value value="http://hl7.de/technische-komitees/fhir/" /></telecom></contact><description value="Liste der Identfikatorentypen des deutschen Basisprofils welche die Standardtypen ergänzen." /><copyright value="HL7 Deutschland e.V." /><caseSensitive value="true" /><content value="complete" /><concept><code value="GKV" /><display value="Gesetzliche Krankenversicherung" /></concept><concept><code value="PKV" /><display value="Private Krankenversicherung" /></concept><concept><code value="LANR" /><display value="Lebenslange Arztnummer" /></concept><concept><code value="ZANR" /><display value="Zahnarztnummer" /></concept><concept><code value="BSNR" /><display value="Betriebsstättennummer" /></concept><concept><code value="KZVA" /><display value="KZVAbrechnungsnummer" /></concept></CodeSystem>