<StructureDefinition xmlns="http://hl7.org/fhir"><id value="besondere-personengruppe" /><url value="http://fhir.de/StructureDefinition/gkv/besondere-personengruppe" /><version value="0.9.13" /><name value="ExtensionGkvBesonderePersonengruppe" /><status value="draft" /><date value="2019-12-10" /><publisher value="HL7 Deutschland e.V. (Technisches Komitee FHIR)" /><contact><telecom><system value="url" /><value value="http://hl7.de/technische-komitees/fhir/" /></telecom></contact><description value="Gibt die Zugehörigkeit des Versicherten zu einer besonderen Personengruppe&#xD;&#xA;an." /><fhirVersion value="4.0.1" /><mapping><identity value="rim" /><uri value="http://hl7.org/v3" /><name value="RIM Mapping" /></mapping><kind value="complex-type" /><abstract value="false" /><context><type value="element" /><expression value="Coverage" /></context><type value="Extension" /><baseDefinition value="http://hl7.org/fhir/StructureDefinition/Extension" /><derivation value="constraint" /><differential><element id="Extension.url"><path value="Extension.url" /><fixedUri value="http://fhir.de/StructureDefinition/gkv/besondere-personengruppe" /></element><element id="Extension.value[x]"><path value="Extension.value[x]" /><type><code value="Coding" /></type><binding><strength value="required" /><valueSet value="https://fhir.kbv.de/ValueSet/KBV_VS_SFHIR_KBV_PERSONENGRUPPE" /></binding></element><element id="Extension.value[x].system"><path value="Extension.value[x].system" /><min value="1" /></element><element id="Extension.value[x].code"><path value="Extension.value[x].code" /><min value="1" /></element></differential></StructureDefinition>