<StructureDefinition xmlns="http://hl7.org/fhir">
	<id value="humanname-namenszusatz" />
	<url value="http://fhir.de/StructureDefinition/humanname-namenszusatz" />
	<version value="0.9.13" />
	<name value="HumannameNamenszusatz" />
	<title value="Extension zur Erfassung der VSDM Namensbestandteile" />
	<status value="draft" />
	<date value="2018-06-18" />
	<publisher value="HL7 Deutschland e.V. (Technisches Komitee FHIR)" />
	<contact>
		<telecom>
			<system value="url" />
			<value value="http://hl7.de/technische-komitees/fhir/" />
		</telecom>
	</contact>
	<description value="Namenszusatz als Bestandteil das Nachnamens, wie in VSDM (Versichertenstammdatenmanagement, &quot;eGK&quot;) definiert.&#xD;&#xA;Beispiele: Gräfin, Prinz oder Fürst" />
	<copyright value="HL7 Deutschland e.V." />
	<fhirVersion value="4.0.1" />
	<kind value="complex-type" />
	<abstract value="false" />
	<context>
		<type value="element" />
		<expression value="HumanName.family" />
	</context>
	<type value="Extension" />
	<baseDefinition value="http://hl7.org/fhir/StructureDefinition/Extension" />
	<derivation value="constraint" />
	<differential>
		<element id="Extension">
			<path value="Extension" />
			<short value="Namenszusatz gemäß VSDM (Versichertenstammdatenmanagement, &quot;eGK&quot;)" />
			<definition value="Namenszusatz als Bestandteil das Nachnamens, wie in VSDM (Versichertenstammdatenmanagement, &quot;eGK&quot;) definiert.&#xD;&#xA;Beispiele: Gräfin, Prinz oder Fürst" />
			<comment value="Die Extension wurde erstellt aufgrund der Anforderung, die auf der eGK vorhandenen Patientenstammdaten in FHIR abbilden zu können. Auf der eGK werden die Namensbestandteile &quot;Namenszusatz&quot; und &quot;Vorsatzwort&quot; getrennt vom Nachnamen gespeichert. Anhand der Liste der zulässigen Namenszusätze ist deutlich erkennbar, dass es sich hierbei sinngemäß um Adelstitel handelt.&#xD;&#xA;Das Vorsatzwort kann durch die Core-Extension http://build.fhir.org/extension-humanname-own-name.html abgebildet werden, für den Namenszusatz ergibt sich jedoch die Notwendikeit einer nationalen Extension, da in andern Ländern Adelstitel entweder gar nicht oder als reguläres Namenspräfix erfasst werden." />
		</element>
		<element id="Extension.url">
			<path value="Extension.url" />
			<fixedUri value="http://fhir.de/StructureDefinition/humanname-namenszusatz" />
		</element>
		<element id="Extension.value[x]">
			<path value="Extension.value[x]" />
			<short value="Namenszusatz" />
			<definition value="Namenszusatz zum Nachnamen z.B. Gräfin, Prinz oder Fürst" />
			<type>
				<code value="string" />
			</type>
		</element>
	</differential>
</StructureDefinition>