<NamingSystem xmlns="http://hl7.org/fhir"><id value="namingSystem-KzbvZahnarztnummer" /><meta><profile value="http://fhir.de/StructureDefinition/namingsystem-de-basis" /></meta><name value="KzbvZahnarztnummer" /><status value="draft" /><kind value="identifier" /><date value="2020-03-16" /><publisher value="HL7 Deutschland e.V. (Technisches Komitee FHIR)" /><contact><telecom><system value="other" /><value value="http://hl7.de/technische-komitees/fhir/" /></telecom></contact><responsible value="Kassenzahnärztliche Bundesvereinigung (KZBV)" /><type><coding><system value="http://fhir.de/CodeSystem/identifier-type-de-basis" /><code value="ZANR" /></coding></type><description value="Dieses NamingSystem wird für Zahnarztnummern (Zahnarzt-Abrechnungsnummern) verwendet, die von der KZBV bzw.    den Landesvereinigungen für ihren Abrechnungsbereich herausgegeben werden.    Die Zahnarztnummer ist 8-stellig numerisch.    Sie besteht in Stelle 1-2 aus den zweistelligen numerischen Codes der herausgebenen KZV sowie in Stelle 3-8 aus der eigentlichen Zahnarztnummer.    Letztere ist 1- bis 6-stellig numerisch und wird bei weniger als 6 Stellen mit Nullen (0) nach links aufgefüllt.    Die KZV-Codes sind hier zu finden (Seite 77): https://www.gkv-datenaustausch.de/media/dokumente/leistungserbringer_1/zahnaerzte/technische_anlagen___aktuell_1/20170727_TA_Version_3_8_oA.pdf" /><usage value="Das NamingSystem wird in Identifiern von Zahnärzten (Practitioner) verwendet." /><uniqueId><type value="uri" /><value value="http://fhir.de/NamingSystem/kzbv/zahnarztnummer" /><preferred value="true" /><period><start value="2020-03-16" /></period></uniqueId></NamingSystem>