<StructureDefinition xmlns="http://hl7.org/fhir"><id value="identifier-iknr" /><url value="http://fhir.de/StructureDefinition/identifier-iknr" /><version value="0.9.13" /><name value="IdentifierIknr" /><title value="Identifier-Profil für die Abbildung eines Institutionskennzeichens (IKNR)" /><status value="draft" /><date value="2019-12-08" /><description value="Identifier-Profil für die Abbildung eines Institutionskennzeichens (IKNR)" /><fhirVersion value="4.0.1" /><kind value="complex-type" /><abstract value="false" /><type value="Identifier" /><baseDefinition value="http://hl7.org/fhir/StructureDefinition/Identifier" /><derivation value="constraint" /><differential><element id="Identifier.use"><path value="Identifier.use" /><fixedCode value="official" /></element><element id="Identifier.type"><path value="Identifier.type" /><patternCodeableConcept><coding><system value="http://terminology.hl7.org/CodeSystem/v2-0203" /><code value="XX" /></coding></patternCodeableConcept></element><element id="Identifier.system"><path value="Identifier.system" /><min value="1" /><fixedUri value="http://fhir.de/NamingSystem/arge-ik/iknr" /></element><element id="Identifier.value"><path value="Identifier.value" /><min value="1" /><constraint><key value="ik-1" /><severity value="warning" /><human value="Eine IK muss 8- (ohne Prüfziffer) oder 9-stellig (mit Prüfziffer) sein" /><expression value="matches('[0-9]{8,9}')" /><source value="http://fhir.de/StructureDefinition/identifier-iknr" /></constraint></element></differential></StructureDefinition>