<StructureDefinition xmlns="http://hl7.org/fhir">
	<url value="http://fhir.de/StructureDefinition/observation-de-vitalsign-puls" />
	<version value="0.9.13" />
	<name value="VitalSignDE_Puls" />
	<status value="draft" />
	<fhirVersion value="4.0.1" />
	<mapping>
		<identity value="workflow" />
		<uri value="http://hl7.org/fhir/workflow" />
		<name value="Workflow Pattern" />
	</mapping>
	<mapping>
		<identity value="sct-concept" />
		<uri value="http://snomed.info/conceptdomain" />
		<name value="SNOMED CT Concept Domain Binding" />
	</mapping>
	<mapping>
		<identity value="v2" />
		<uri value="http://hl7.org/v2" />
		<name value="HL7 v2 Mapping" />
	</mapping>
	<mapping>
		<identity value="rim" />
		<uri value="http://hl7.org/v3" />
		<name value="RIM Mapping" />
	</mapping>
	<mapping>
		<identity value="w5" />
		<uri value="http://hl7.org/fhir/fivews" />
		<name value="FiveWs Pattern Mapping" />
	</mapping>
	<mapping>
		<identity value="sct-attr" />
		<uri value="http://snomed.org/attributebinding" />
		<name value="SNOMED CT Attribute Binding" />
	</mapping>
	<kind value="resource" />
	<abstract value="false" />
	<type value="Observation" />
	<baseDefinition value="http://fhir.de/StructureDefinition/observation-de-vitalsign" />
	<derivation value="constraint" />
	<differential>
		<element id="Observation.code.coding">
			<path value="Observation.code.coding" />
			<slicing>
				<discriminator>
					<type value="pattern" />
					<path value="$this" />
				</discriminator>
				<rules value="open" />
			</slicing>
			<min value="1" />
		</element>
		<element id="Observation.code.coding:loinc">
			<path value="Observation.code.coding" />
			<sliceName value="loinc" />
			<min value="1" />
			<max value="1" />
			<patternCoding>
				<system value="http://loinc.org" />
				<code value="8867-4" />
			</patternCoding>
		</element>
		<element id="Observation.code.coding:loinc.system">
			<path value="Observation.code.coding.system" />
			<min value="1" />
		</element>
		<element id="Observation.code.coding:loinc.code">
			<path value="Observation.code.coding.code" />
			<min value="1" />
		</element>
		<element id="Observation.value[x]">
			<path value="Observation.value[x]" />
			<type>
				<code value="Quantity" />
			</type>
		</element>
		<element id="Observation.value[x]:valueQuantity">
			<path value="Observation.value[x]" />
			<sliceName value="valueQuantity" />
		</element>
		<element id="Observation.value[x]:valueQuantity.code">
			<path value="Observation.value[x].code" />
			<patternCode value="/min" />
		</element>
	</differential>
</StructureDefinition>