<StructureDefinition xmlns="http://hl7.org/fhir"><id value="coverage-de-sel" /><url value="http://fhir.de/StructureDefinition/coverage-de-sel" /><version value="0.9.13" /><name value="CoverageDeSel" /><title value="Coverage, deutsches Selbstzahlerprofil" /><status value="draft" /><experimental value="true" /><date value="2019-12-11" /><publisher value="HL7 Deutschland e.V. (Technisches Komitee FHIR)" /><contact><telecom><system value="other" /><value value="http://hl7.de/technische-komitees/fhir/" /></telecom></contact><description value="Profil für die Nutzung der Coverage-Resource in Deutschland zur Darstellung eines Selbstzahlerverhältnisses." /><copyright value="HL7 Deutschland e.V." /><fhirVersion value="4.0.1" /><kind value="resource" /><abstract value="false" /><type value="Coverage" /><baseDefinition value="http://fhir.de/StructureDefinition/coverage-de-basis" /><derivation value="constraint" /><differential><element id="Coverage.type.coding"><path value="Coverage.type.coding" /><min value="1" /></element><element id="Coverage.type.coding.system"><path value="Coverage.type.coding.system" /><min value="1" /><fixedUri value="http://fhir.de/CodeSystem/versicherungsart-de-basis" /></element><element id="Coverage.type.coding.code"><path value="Coverage.type.coding.code" /><min value="1" /><fixedCode value="SEL" /></element><element id="Coverage.subscriber"><path value="Coverage.subscriber" /><short value="Unterzeichner der Kostenübernahme" /><definition value="Person, die dies Kostenübernahme zusichert (entweder der Patient selbst oder eine andere Person, z.B. ein Elternteil)" /></element><element id="Coverage.payor"><path value="Coverage.payor" /><short value="Kostenübernehmer" /><definition value="Person, die die Kosten übernimmt (beim Selbstzahlerverhältnis i.d.R. identisch mit subscriber) &#xD;&#xA;Sonderfall: Die Kostenübernahme wird von einer Person (subscriber) erklärt, die Übernahme erfolgt jedoch durch eine Organisation" /><type><code value="Reference" /><targetProfile value="http://hl7.org/fhir/StructureDefinition/Organization" /><targetProfile value="http://hl7.org/fhir/StructureDefinition/RelatedPerson" /><targetProfile value="http://hl7.org/fhir/StructureDefinition/Patient" /></type></element></differential></StructureDefinition>