<StructureDefinition xmlns="http://hl7.org/fhir"><id value="identifier-pseudo-kvid" /><url value="http://fhir.de/StructureDefinition/identifier-pseudo-kvid" /><version value="0.9.13" /><name value="IdentifierPseudoKvid" /><title value="Identifier-Profil für die pseudonymisierte Krankenversichertennummer" /><status value="draft" /><date value="2019-12-06" /><description value="Identifier-Profil für die pseudonymisierte Krankenversichertennummer (Wird für Registermeldungen verwendet)" /><fhirVersion value="4.0.1" /><kind value="complex-type" /><abstract value="false" /><type value="Identifier" /><baseDefinition value="http://hl7.org/fhir/StructureDefinition/Identifier" /><derivation value="constraint" /><differential><element id="Identifier.use"><path value="Identifier.use" /><fixedCode value="official" /></element><element id="Identifier.type"><path value="Identifier.type" /><patternCodeableConcept><coding><system value="http://fhir.de/CodeSystem/identifier-type-de-basis" /><code value="GKV" /></coding></patternCodeableConcept></element><element id="Identifier.system"><path value="Identifier.system" /><min value="1" /><fixedUri value="http://fhir.de/NamingSystem/gkv/pseudo-kvid" /></element><element id="Identifier.value"><path value="Identifier.value" /><min value="1" /></element></differential></StructureDefinition>