<StructureDefinition xmlns="http://hl7.org/fhir"><url value="http://fhir.de/StructureDefinition/observation-de-vitalsign-blutdruck" /><version value="0.9.13" /><name value="VitalSignDE_Blutdruck" /><status value="draft" /><fhirVersion value="4.0.1" /><mapping><identity value="workflow" /><uri value="http://hl7.org/fhir/workflow" /><name value="Workflow Pattern" /></mapping><mapping><identity value="sct-concept" /><uri value="http://snomed.info/conceptdomain" /><name value="SNOMED CT Concept Domain Binding" /></mapping><mapping><identity value="v2" /><uri value="http://hl7.org/v2" /><name value="HL7 v2 Mapping" /></mapping><mapping><identity value="rim" /><uri value="http://hl7.org/v3" /><name value="RIM Mapping" /></mapping><mapping><identity value="w5" /><uri value="http://hl7.org/fhir/fivews" /><name value="FiveWs Pattern Mapping" /></mapping><mapping><identity value="sct-attr" /><uri value="http://snomed.org/attributebinding" /><name value="SNOMED CT Attribute Binding" /></mapping><kind value="resource" /><abstract value="false" /><type value="Observation" /><baseDefinition value="http://fhir.de/StructureDefinition/observation-de-vitalsign" /><derivation value="constraint" /><differential><element id="Observation.code.coding"><path value="Observation.code.coding" /><slicing><discriminator><type value="pattern" /><path value="$this" /></discriminator><rules value="open" /></slicing><min value="1" /></element><element id="Observation.code.coding:loinc"><path value="Observation.code.coding" /><sliceName value="loinc" /><min value="1" /><patternCoding><system value="http://loinc.org" /><code value="85354-9" /></patternCoding></element><element id="Observation.code.coding:loinc.system"><path value="Observation.code.coding.system" /><min value="1" /></element><element id="Observation.code.coding:loinc.code"><path value="Observation.code.coding.code" /><min value="1" /></element><element id="Observation.value[x]"><path value="Observation.value[x]" /><max value="0" /><type><code value="Quantity" /></type></element><element id="Observation.value[x]:valueQuantity"><path value="Observation.value[x]" /><sliceName value="valueQuantity" /><max value="0" /></element><element id="Observation.component"><path value="Observation.component" /><slicing><discriminator><type value="pattern" /><path value="code.coding" /></discriminator><rules value="open" /></slicing><min value="2" /></element><element id="Observation.component:SystolicBP"><path value="Observation.component" /><sliceName value="SystolicBP" /><min value="1" /><max value="1" /></element><element id="Observation.component:SystolicBP.code.coding"><path value="Observation.component.code.coding" /><slicing><discriminator><type value="pattern" /><path value="$this" /></discriminator><rules value="open" /></slicing><min value="1" /></element><element id="Observation.component:SystolicBP.code.coding:loinc"><path value="Observation.component.code.coding" /><sliceName value="loinc" /><min value="1" /><max value="1" /><patternCoding><system value="http://loinc.org" /><code value="8480-6" /></patternCoding></element><element id="Observation.component:SystolicBP.code.coding:loinc.system"><path value="Observation.component.code.coding.system" /><min value="1" /></element><element id="Observation.component:SystolicBP.code.coding:loinc.code"><path value="Observation.component.code.coding.code" /><min value="1" /></element><element id="Observation.component:SystolicBP.value[x]"><path value="Observation.component.value[x]" /><type><code value="Quantity" /></type></element><element id="Observation.component:SystolicBP.value[x]:valueQuantity"><path value="Observation.component.value[x]" /><sliceName value="valueQuantity" /></element><element id="Observation.component:SystolicBP.value[x]:valueQuantity.code"><path value="Observation.component.value[x].code" /><patternCode value="mm[Hg]" /></element><element id="Observation.component:DiastolicBP"><path value="Observation.component" /><sliceName value="DiastolicBP" /><min value="1" /><max value="1" /></element><element id="Observation.component:DiastolicBP.code.coding"><path value="Observation.component.code.coding" /><slicing><discriminator><type value="pattern" /><path value="$this" /></discriminator><rules value="open" /></slicing><min value="1" /></element><element id="Observation.component:DiastolicBP.code.coding:loinc"><path value="Observation.component.code.coding" /><sliceName value="loinc" /><min value="1" /><patternCoding><system value="http://loinc.org" /><code value="8462-4" /></patternCoding></element><element id="Observation.component:DiastolicBP.code.coding:loinc.system"><path value="Observation.component.code.coding.system" /><min value="1" /></element><element id="Observation.component:DiastolicBP.code.coding:loinc.code"><path value="Observation.component.code.coding.code" /><min value="1" /></element><element id="Observation.component:DiastolicBP.value[x]"><path value="Observation.component.value[x]" /><type><code value="Quantity" /></type></element><element id="Observation.component:DiastolicBP.value[x]:valueQuantity"><path value="Observation.component.value[x]" /><sliceName value="valueQuantity" /></element><element id="Observation.component:DiastolicBP.value[x]:valueQuantity.code"><path value="Observation.component.value[x].code" /><patternCode value="mm[Hg]" /></element></differential></StructureDefinition>