{"resourceType":"ValueSet","id":"1.2.276.0.76.11.35--20181214170712","meta":{"profile":["http://hl7.org/fhir/StructureDefinition/shareablevalueset"]},"extension":[{"url":"http://hl7.org/fhir/StructureDefinition/resource-effectivePeriod","valuePeriod":{"start":"2018-12-14T17:07:12+01:00"}}],"url":"http://ihe-d.de/ValueSets/IHEXDSformatCodeDE","identifier":[{"use":"official","system":"http://art-decor.org/ns/oids/vs","value":"1.2.276.0.76.11.35"}],"version":"2018-12-14T17:07:12","name":"IHEXDSformatCodeDE","title":"IHE XDS formatCode","status":"draft","experimental":false,"publisher":"IHE Deutschland e.V.","description":"formatCode (XDSDocumentEntry)Globally unique code specifying the format of an XDS Document. Along with the typeCode, it should provide sufficient information to allow a potential consumer to know if it will be able to process the document.","immutable":false,"compose":{"include":[{"system":"http://ihe-d.de/CodeSystems/DeutscheDokumentenformate","concept":[{"code":"urn:ihe-d:ig:Entlassmanagementbrief:2018","display":"Entlassmanagementbrief"},{"code":"urn:ihe-d:ig:NotaufnahmeregisterTraumaModul:2017","display":"NotaufnahmeregisterTraumamodul"},{"code":"urn:ihe-d:ig:NotaufnahmeregisterBasisModul:2017","display":"NotaufnahmeregisterBasismodul"},{"code":"urn:ihe-d:ig:MeldepflichtigeKrankheitenLabor:2014","display":"Meldepflichtige Krankheiten: Labormeldung"},{"code":"urn:ihe-d:ig:MeldepflichtigeKrankheitenArzt:2013","display":"Übermittlung meldepflichtiger Krankheiten – Arztmeldung"},{"code":"urn:ihe-d:ig:RehaEntlassbrief:2009","display":"Ärztlicher Reha-Entlassungsbericht"},{"code":"urn:ihe-d:ig:KurzberichtUeberleitungKrankenhaus:2016","display":"Überleitungsmanagement Ärztlicher Kurzbericht über den Krankenhausaufenthalt"},{"code":"urn:ihe-d:ig:KurzberichtUeberleitungNiedergelassenerArzt:2016","display":"Überleitungsmanagement Ärztlicher Kurzbericht des niedergelassenen Arztes"},{"code":"urn:ihe-d:ig:Medikationsplan:2015","display":"Medikationsplan"},{"code":"urn:ihe-d:ig:Arztbriefplus:2017","display":"Arztbrief plus"},{"code":"urn:ihe-d:ig:arztbrief:2014:nonXmlBody","display":"Arztbrief 2014"},{"code":"urn:ihe-d:ig:eppc-g:2015","display":"Enhanced Patient Privacy Consent - Germany"},{"code":"urn:ihe-d:ig:eppc-g-sd:2015","display":"Enhanced Patient Privacy Consent - Germany - Scanned Document Option"},{"extension":[{"url":"http://hl7.org/fhir/StructureDefinition/valueset-concept-comments","valueString":"PDF Format für die elektronische Archivierung nach ISO 19005-1:2005"}],"code":"urn:ihe-d:spec:PDF_A1:2005","display":"PDF/A-1"},{"extension":[{"url":"http://hl7.org/fhir/StructureDefinition/valueset-concept-comments","valueString":"PDF Format für die elektronische Archivierung nach ISO 19005-2"}],"code":"urn:ihe-d:spec:PDF_A2:2011","display":"PDF/A-2"},{"extension":[{"url":"http://hl7.org/fhir/StructureDefinition/valueset-concept-comments","valueString":"PDF Format für die elektronische Archivierung nach ISO 19005-3"}],"code":"urn:ihe-d:spec:PDF_A3:2012","display":"PDF/A-3"},{"extension":[{"url":"http://hl7.org/fhir/StructureDefinition/valueset-concept-comments","valueString":"Barrierefreies PDF nach ISO 14289"}],"code":"urn:ihe-d:spec:PDF_UA:2008","display":"PDF/UA"},{"code":"urn:gematik:ig:Arztbrief:r3.1","display":"Arztbrief § 291f SGB V"},{"code":"urn:gematik:ig:Medikationsplan:r3.1","display":"Medikationsplan (gematik)"},{"code":"urn:gematik:ig:Notfalldatensatz:r3.1","display":"Notfalldatensatz"},{"code":"urn:gematik:ig:DatensatzPersoenlicheErklaerungen:r3.1","display":"Datensatz für persönliche Erklärungen (gematik)"},{"code":"urn:gematik:ig:Impfausweis:r4.0","display":"Impfausweis (gematik)"},{"code":"urn:gematik:ig:Mutterpass:r4.0","display":"Mutterpass (gematik)"},{"code":"urn:gematik:ig:Kinderuntersuchungsheft:r4.0","display":"Kinderuntersuchungsheft (gematik)"},{"code":"urn:gematik:ig:Zahnbonusheft:r4.0","display":"Zahnbonusheft (gematik)"},{"code":"urn:gematik:ig:Arbeitsunfaehigkeitsbescheinigung:r4.0","display":"Arbeitsunfähigkeitsbescheinigung (gematik)"},{"code":"urn:gematik:ig:VerordnungsdatensatzMedikation:r4.0","display":"Verordnungsdatensatz Medikation (gematik)"},{"code":"urn:gematik:ig:KinderuntersuchungsheftUntersuchungen:r4.0","display":"Untersuchungen Kinderuntersuchungsheft"},{"code":"urn:gematik:ig:KinderuntersuchungsheftTeilnahmekarte:r4.0","display":"Teilnahmekarte Kinderuntersuchungsheft"},{"code":"urn:gematik:ig:KinderuntersuchungsheftNotizen:r4.0","display":"Notizen Kinderuntersuchungsheft"}]},{"valueSet":["http://art-decor.org/fhir/ValueSet/1.2.276.0.76.11.71--20180713170639"]}]}}