<ValueSet xmlns="http://hl7.org/fhir"><url value="http://fhir.de/ValueSet/koerpergewicht-snomed-de" /><version value="0.9.13" /><name value="KoerpergewichtSnomed" /><title value="Koerpergewicht-SNOMED" /><status value="draft" /><experimental value="true" /><date value="2020-12-04" /><publisher value="HL7 Deutschland e.V. (Technisches Komitee FHIR)" /><contact><telecom><system value="url" /><value value="http://hl7.de/technische-komitees/fhir/" /></telecom></contact><description value="Enthaelt SNOMED Codes fuer das Koerpergewicht." /><copyright value="This artefact includes content from SNOMED Clinical Terms® (SNOMED CT®) which is copyright of the International Health Terminology Standards Development Organisation (IHTSDO). Implementers of these artefacts must have the appropriate SNOMED CT Affiliate license - for more information contact http://www.snomed.org/snomed-ct/getsnomed-ct or info@snomed.org." /><compose><include><system value="http://snomed.info/sct" /><filter><property value="concept" /><op value="is-a" /><value value="27113001" /></filter></include><exclude><system value="http://snomed.info/sct" /><concept><code value="301334000" /><display value="Birth weight centile (observable entity)" /></concept></exclude></compose></ValueSet>