{"resourceType":"ValueSet","id":"1.2.276.0.76.11.59--20180713162125","meta":{"profile":["http://hl7.org/fhir/StructureDefinition/shareablevalueset"]},"extension":[{"url":"http://hl7.org/fhir/StructureDefinition/resource-effectivePeriod","valuePeriod":{"start":"2018-07-13T16:21:25+01:00"}}],"url":"http://art-decor.org/fhir/ValueSet/1.2.276.0.76.11.59--20180713162125","identifier":[{"use":"official","system":"http://art-decor.org/ns/oids/vs","value":"1.2.276.0.76.11.59"}],"version":"2018-07-13T16:21:25","name":"IHEXDShealthcareFacilityTypeCodeOutsidePatientReleatedHealthcare","title":"IHE XDS healthcareFacilityTypeCode Outside Patient-Related Healthcare","status":"active","experimental":false,"publisher":"IHE Deutschland e.V.","description":"healthcareFacilityTypeCode (XDSDocumentEntry) This code for an XDS Document represents the type of organizational setting of the clinical encounter during which the documented act occurred.","immutable":false,"compose":{"include":[{"system":"http://ihe-d.de/CodeSystems/NichtPatientBezogeneGesundheitsversorgung","concept":[{"extension":[{"url":"http://hl7.org/fhir/StructureDefinition/valueset-concept-comments","valueString":"Kindergarten, Schulen, Hochschulen und andere erzieherische Einrichtungen für Kinder oder Erwachsene"}],"code":"BIL","display":"Bildungseinrichtung"},{"extension":[{"url":"http://hl7.org/fhir/StructureDefinition/valueset-concept-comments","valueString":"Einrichtung der medizinischen Forschung außerhalb von Arztpraxis oder Krankenhaus."}],"code":"FOR","display":"Forschungseinrichtung"},{"extension":[{"url":"http://hl7.org/fhir/StructureDefinition/valueset-concept-comments","valueString":"Organisationen die Dienste für Vaterschafts-/Mutterschaftstest anbieten, für Abstammungtests, Riskoanalysen, etc."}],"code":"GEN","display":"Gen-Analysedienste"},{"extension":[{"url":"http://hl7.org/fhir/StructureDefinition/valueset-concept-comments","valueString":"Alle medizinischen Dienste die sozialmedizinische Begutachtungen nach § 275 SGB V für die Krankenversicherungen oder Pflegebegutachtungen nach § 18 bzw. §§ 114ff SGB XI für die Pflegeversicherungen durchführen."}],"code":"MDK","display":"Medizinischer Dienst der Krankenversicherung"},{"extension":[{"url":"http://hl7.org/fhir/StructureDefinition/valueset-concept-comments","valueString":"Dieser Wert kann zur Kennzeichnung der Herkunft von Dokumenten verwendet werden, die der Patient selbstständig erstellt und eingestellt hat, zum Beispiel über ein Patientenportal oder eine Smartphone-App. Daten die vom Patienten über eine solche Lösung stellvertretend für einen Heilberufler eingestellt werden (z.B. gescannter Arztbrief, DICOM-DVD) sollten nicht diesen Wert verwenden, sondern den für den Heilberufler vorgesehenen Wert."}],"code":"PAT","display":"Patient außerhalb der Betreuung"},{"extension":[{"url":"http://hl7.org/fhir/StructureDefinition/valueset-concept-comments","valueString":"Blutspendedienst, Knochenmarkspendedienst, Samenbank, Nabelschnur-Blutbank, Bio-Banken, etc."}],"code":"SPE","display":"Spendedienste"},{"extension":[{"url":"http://hl7.org/fhir/StructureDefinition/valueset-concept-comments","valueString":"Träger der gesetzlichen Krankenversicherung (d.h. Krankenkasse) oder der privaten Krankenversicherung."}],"code":"VER","display":"Versicherungsträger"}]}]}}