<ValueSet xmlns="http://hl7.org/fhir">
	<id value="valueset-atc" />
	<meta>
		<profile value="http://hl7.org/fhir/StructureDefinition/shareablevalueset" />
	</meta>
	<url value="http://fhir.de/ValueSet/dimdi/atc" />
	<version value="0.9.13" />
	<name value="ATC" />
	<status value="draft" />
	<experimental value="true" />
	<date value="2019-12-14" />
	<publisher value="HL7 Deutschland e.V. (Technisches Komitee FHIR)" />
	<contact>
		<telecom>
			<system value="other" />
			<value value="http://hl7.de/technische-komitees/fhir/" />
		</telecom>
	</contact>
	<description value="Anatomisch-therapeutisch-chemische Klassifkation (ATC) mit Tagesdosen deutsche Fassung" />
	<copyright value="DIMDI - Deutsches Institut für Medizinische Dokumentation und Information" />
	<compose>
		<include>
			<system value="http://fhir.de/CodeSystem/dimdi/atc" />
		</include>
	</compose>
</ValueSet>