{"resourceType":"ValueSet","id":"1.2.276.0.76.11.38--20180713162205","meta":{"profile":["http://hl7.org/fhir/StructureDefinition/shareablevalueset"]},"extension":[{"url":"http://hl7.org/fhir/StructureDefinition/resource-effectivePeriod","valuePeriod":{"start":"2018-07-13T16:22:05+01:00"}}],"url":"http://ihe-d.de/ValueSets/IHEXDStypeCode","identifier":[{"use":"official","system":"http://art-decor.org/ns/oids/vs","value":"1.2.276.0.76.11.38"}],"version":"2018-07-13T16:22:05","name":"IHEXDStypeCode","title":"IHE XDS typeCode","status":"active","experimental":false,"publisher":"IHE Deutschland e.V.","description":"typeCode (XDSDocumentEntry)A low-level classification of XDS Documents within a classCode that describes class, event, specialty, and setting.","immutable":false,"compose":{"include":[{"system":"http://loinc.org","concept":[{"extension":[{"url":"http://hl7.org/fhir/StructureDefinition/valueset-concept-comments","valueString":"IHE APPC verwendet diesen Class Code für \"Privacy Consent Documents\", d.h. für Einwilligungsdokumente mit maschinen-lesbaren Zugriffsregeln."}],"code":"57016-8","display":"Patienteneinverständniserklärung"}]},{"system":"http://ihe-d.de/CodeSystems/IHEXDStypeCode","concept":[{"extension":[{"url":"http://hl7.org/fhir/StructureDefinition/valueset-concept-comments","valueString":"Administrative Dokumente, die die Abrechnung eines Patientenfalles betreffen. Medizinische Dokumentation, die als Grundlage für die Abrechnung oder als Begründung für die Behandlung herangezogen wird, ist mit dem entsprechenden Konzept abzubilden. Einwilligungen zur Datenweitergabe an Abrechnungsstellen usw. werden mit dem Konzept EINW (\"Einwilligungen/Aufklärungen\") abgebildet. Der nicht abrechnungsbezogene Schriftwechsel mit der Krankenkasse wird mit dem Konzept SCHR (\"Schriftwechsel (administrativ)\") abgebildet.Beispiele: Abrechnungsschein,\n          Rechnung ambulante/stationäre Behandlung, Kostenübernahmeverlängerung"}],"code":"ABRE","display":"Abrechnungsdokumente"},{"extension":[{"url":"http://hl7.org/fhir/StructureDefinition/valueset-concept-comments","valueString":"Administrative Belege, die in erster Linie der Unterstützung von Organisationsprozessen dienen. Checklisten die primär zur Qualitätssicherung dienen werden mit dem Konzept QUAL (\"Qualitätssicherung\") abgedeckt. Checklisten die den Aufnahmeprozess betreffen werden mit dem Konzept AUFN (\"Einweisungs- und Aufnahmedokumente\") abgebildet.Beispiele: Aktenlaufzettel, Checkliste Entlassung"}],"code":"ADCH","display":"Administrative Checklisten"},{"extension":[{"url":"http://hl7.org/fhir/StructureDefinition/valueset-concept-comments","valueString":"Dokumente, die einer Zustimmung bestimmter Institutionen bedürfen, und deren Bescheide, um spezielle Leistungen und Maßnahmen in Anspruch nehmen zu können. Beispiele: Antrag auf Rehabilitation, AHB-Antrag, Antrag auf Betreuung, Antrag auf gesetzliche Unterbringung, Verlängerungsantrag, Antrag auf Psychotherapie, Antrag auf Pflegeeinstufung,  Kostenübernahmeantrag, Fixierungsanordnung, Wiedereingliederungsplan."}],"code":"ANTR","display":"Anträge und deren Bescheide"},{"extension":[{"url":"http://hl7.org/fhir/StructureDefinition/valueset-concept-comments","valueString":"Dokumentation zur Planung und Durchführung von Narkosen/Anästhesien, einschließlich der ausgefüllten Anamnese- und Aufklärungsbögen zur Anästhesie. Ausnahmen: Unterschriebene Patienteneinwilligungen zur Anästhesie werden mit dem Konzept EINW (\"Einwilligungen/Aufklärungen\") abgebildet.Beispiele:Anästhesieprotokoll, Narkoseprotokoll, Aufwachraumprotokoll, Checkliste Anästhesie"}],"code":"ANAE","display":"Anästhesiedokumente"},{"extension":[{"url":"http://hl7.org/fhir/StructureDefinition/valueset-concept-comments","valueString":"Ärztliche Zusammenfassungen und Verlaufsbeurteilungen von Behandlungsepisoden, Epikrisen und Abschlussberichte zu stationären oder ambulanten Behandlungsfällen.Beispiele: Arztbrief, Entlassungsbericht, Ärztliche Stellungnahme, Durchgangsarztbericht / BG-Bericht, Rehabericht, Verlegungsbericht, vorläufiger Arztbericht, ärztlicher Verlaufsbericht, Ambulanzbericht"}],"code":"BERI","display":"Arztberichte"},{"extension":[{"url":"http://hl7.org/fhir/StructureDefinition/valueset-concept-comments","valueString":"Bestätigung eines Arztes über einen bestimmten, patientenbezogenen Sachverhalt.Beispiele: Arbeitsunfähigkeitsbescheinigung, Beurlaubung, Todesbescheinigung, Ärztliche Bescheinigung, Notfall-/ Vertretungsschein"}],"code":"BESC","display":"Ärztliche Bescheinigungen"},{"extension":[{"url":"http://hl7.org/fhir/StructureDefinition/valueset-concept-comments","valueString":"Alle Arten von Befunden und Befundbeurteilungen, sofern sie nicht durch spezifischere Konzepte abgebildet werden, z.B. BILD (\"Ergebnisse Bildgebende Diagnostik\"), FUNK (\"Ergebnisse Funktionsdiagnostik\"), MKRO (\"Ergebnisse Mikrobiologie\"), PATH (\"Pathologiebefundberichte\") oder VIRO (\"Ergebnisse Virologie\"). Auch die zugehörigen Untersuchungsanforderungen werden mit diesem Konzept abgebildet.Beispiele: Laborbefund, PoCT-Befund, RIA-Befund, Anatomische Skizzen, Befundbogen, Bericht Gesundheitsuntersuchung, Krebsfrüherkennung,  Befund berufliche Belastungserprobung, Endokrinologiebefund, Fettstoffwechselanalytik, Hämostaseologiebefund/Gerinnung, Hämatologiebefund, Klinische Chemie, Protein-Labor, Hb-Labor, Gesichtsfeldbefund, Blutgasanalyse, Blutzuckeranalyse, Laboranforderung"}],"code":"BEFU","display":"Ergebnisse Diagnostik"},{"extension":[{"url":"http://hl7.org/fhir/StructureDefinition/valueset-concept-comments","valueString":"Dokumentation zur Planung und Durchführung von Radiotherapien, einschließlich der ausgefüllten Anamnese- und Aufklärungsbögen zur Bestrahlungstherapie.Beispiele: Bestrahlungsplan, Bestrahlungsprotokoll, Bestrahlungsverordnung, Radiojodtherapieprotokoll, Therapieprotokoll mit Radionukleiden, Brachytherapieprotokoll, Bericht zur interventionellen Radioonkologie"}],"code":"BSTR","display":"Bestrahlungsdokumentation"},{"extension":[{"url":"http://hl7.org/fhir/StructureDefinition/valueset-concept-comments","valueString":"Dokumente die im Rahmen von Überweisungs-, Einweisungs- und Aufnahmeprozessen entstehen oder diese Prozesse unterstützen. Dies betrifft sowohl stationäre wie auch ambulante Aufnahmen in Krankenhäusern und Reha-Einrichtungen, wie auch Besuche bei niedergelassenen Ärzten und Therapeuten. Diese Dokumente beinhalten üblicherweise patientenbezogene Daten, den bisherigen Krankheitsverlauf und aktuellen Zustand des Patienten sowie erste Untersuchungen/Therapieansätze. Beispiele: Anamnesebogen, Anmeldung Aufnahme, Checkliste Aufnahme, Verordnung einer Krankenhausbehandlung, Überweisungsschein, G-AEP-Kriterien, Stammblatt, Aufnahmebogen"}],"code":"AUFN","display":"Einweisungs- und Aufnahmedokumente"},{"extension":[{"url":"http://hl7.org/fhir/StructureDefinition/valueset-concept-comments","valueString":"Dokumente, Formulare und sonstige Erklärungen, die der Patient im Verlauf des Versorgungsprozesses unterschreibt, einschließlich dokumentierter Aufklärungen. Ausnahmen: Verträge; Aufklärungsbögen zu Anästhesie und Bestrahlung werden über die Konzepte ANAE (\"Anästhesiedokumente\") bzw. BSTR (\"Bestrahlungsdokumentation\") abgebildet. Beispiele: Einwilligung zur Datenweitergabe, Einverständniserklärung, Aufklärungs- und Einwilligungsbogen zum chirurgischen Eingriff, Erklärung zum Verlassen der Klinik gegen ärztlichen Rat, vom Patienten unterschriebene\n          Belehrungen"}],"code":"EINW","display":"Einwilligungen/Aufklärungen"},{"extension":[{"url":"http://hl7.org/fhir/StructureDefinition/valueset-concept-comments","valueString":"Protokolle, Untersuchungsergebnisse, Befunde und Beurteilungen aus apparativer oder instrumenteller Diagnostik ohne Bildgebung; auch die zugehörigen Untersuchungsanforderungen werden mit diesem Konzept abgebildet. Beispiele: EEG, EMG, EKG-Befund, EKG-Kurvenausdruck, EKGMessdaten, Manometriebefund, Temperaturmesskurve, Schlaflabordokumentationsbogen, Blutdruckprotokoll, Lungenfunktionsbefund, Spiroergometriebefund, Herzschrittmacher-Protokoll, Belastungs-EKG, Protokoll einer diagnostischen Punktion, Mini Mental Status Test, Schmerzerhebungsbogen, Ernährungsscreening, Aachener Aphasie Test, Dem Tect, Sturzrisikoerfassungsbogen, Geriatrische Depressionsskala"}],"code":"FUNK","display":"Ergebnisse Funktionsdiagnostik"},{"extension":[{"url":"http://hl7.org/fhir/StructureDefinition/valueset-concept-comments","valueString":"Untersuchungsergebnisse aus apparativer Diagnostik mit bildgebenden Verfahren, einschließlich Bildern, Befunden und Beurteilungen. Auch Bilder und Befunde aus interventionellen radiologischen Verfahren werden mit diesem Konzept abgebildet. Auch die zugehörigen Untersuchungsanforderungen werden mit diesem Konzept abgebildet.  Beispiele: Radiologiebefund, Röntgenbild (CR), CT, MRT, PET, Sonographie, Mammographie, Endoskopiebefund, Szintigraphie, Herzkatheter-Bericht, Echokardiographie, Bronchoskopiebefund, Neuroradiologischer Befund,\n          Angiographiebefund, Anforderungsschein Duplexsonographie"}],"code":"BILD","display":"Ergebnisse bildgebender Diagnostik"},{"extension":[{"url":"http://hl7.org/fhir/StructureDefinition/valueset-concept-comments","valueString":"Dokumente bezüglich einer patientenbezogenen Beratung zwischen Fachärzten, Therapeuten oder Pflegepersonal. Bei fachspezifischen Dokumententypen wie Tumorboardprotokolle, sollte stattdessen das spezifischere Konzept verwendet werden, z.B. ONKO (\"Onkologische Dokumente\"). Fallbesprechungen, die rein aus einem pflegerischem Team bestehen, werden unter Pflegedokumentation abgebildet. Beispiele: interdisziplinäre Fallkonferenzprotokolle, interprofessionelle Fallkonferenzprotokolle"}],"code":"FALL","display":"Fallbesprechungen"},{"extension":[{"url":"http://hl7.org/fhir/StructureDefinition/valueset-concept-comments","valueString":"Bildaufnahmen (digitale oder konventionelle Fotografie) von Körperregionen bzw. Ganzkörperaufnahmen, die im Verlauf der Behandlung zum Zwecke der Diagnostik oder der Verlaufsbeurteilung angefertigt werden; die Fotos bzw. Fotoserien können durch (wenige) weitere Angaben ergänzt sein (z.B. Vermessungen, Verschlagwortung, Lokalisation, zeitlicher Bezug usw.). Ausnahme: siehe WUND (\"Wunddokumentation“) und OPDK („OP-Dokumente“). Beispiele: Fotodokumentation von Erkrankungen des Haut-/Haarsystems, prä-/post-operative Fotos der plastischen Chirurgie, fotografische Zahn-/Kieferaufnahmen der Mund-Kiefer-Gesichtschirurgie, Aufnahmen in der Augenheilkunde"}],"code":"FOTO","display":"Fotodokumentation"},{"extension":[{"url":"http://hl7.org/fhir/StructureDefinition/valueset-concept-comments","valueString":"Dokumentation zur Durchführung von Therapien, durch ärztliche und nicht-ärztliche Therapeuten. Auch die zugehörigen Therapieanforderungen werden mit diesem Konzept abgebildet. Bei fachspezifischen Dokumententypen wie Bestrahlungsprotokollen, sollte stattdessen das spezifischere Konzept verwendet werden, z.B. BSTR (\"Bestrahlungsdokumentation\"), OPDK (\"OP-Dokumente\"). Reine Dokumentation der Medikation wird durch das Konzept MEDI (\"Medikamentöse Therapien\") abgebildet. Beispiele: Ergotherapieprotokoll, Logopädieprotokoll, Physiotherapieprotokoll, Schmerztherapieprotokoll, Reanimationsprotokoll, Dialysedokumente, Psychotherapeutische Dokumente"}],"code":"FPRO","display":"Therapiedokumentation"},{"extension":[{"url":"http://hl7.org/fhir/StructureDefinition/valueset-concept-comments","valueString":"Untersuchungsergebnisse der serologischen oder zellulären Diagnostik für Autoimmun- und Immundefekterkrankungen einschließlich immunologischer Testergebnisse zu Seren, Punktaten, Abstrichen usw.; auch die zugehörigen Untersuchungsanforderungen werden mit diesem Konzept abgebildet. Beachte verwandte Konzepte: MKRO (\"Ergebnisse Mikrobiologie\") und VIRO (\"Ergebnisse Virologie\").  Beispiele: Rheumaserologiebefund, Allergologiebefund/Autoantikörpertest, Complement-analytischer Befund, Befund der zellulären Immundefektdiagnostik"}],"code":"IMMU","display":"Ergebnisse Immunologie"},{"extension":[{"url":"http://hl7.org/fhir/StructureDefinition/valueset-concept-comments","valueString":"Dokumente, welche den stationären Aufenthalt und Krankheitsverlauf des Patienten sowie durchgeführte Maßnahmen auf einer Intensivstation oder Intermediate Care Station beschreiben. Ausgenommen ist der intensivmedizinische Komplexbehandlungsbogen, dieser wird durch KOMP (\"Komplexbehandlungsbogen\") abgebildet.  Beispiele: Beatmungsprotokoll, Intensivkurve, Intensivpflegebericht, Monitoringausdruck, Intensivdokumentationsbogen, Intensivmedizinische Scores/Assessments (SAPS-II, TISS, Glasgow Coma Scale,…)"}],"code":"INTS","display":"Intensivmedizinische Dokumente"},{"extension":[{"url":"http://hl7.org/fhir/StructureDefinition/valueset-concept-comments","valueString":"Alle Erfassungsbögen bzw. Datensätze zur hochaufwendigen Pflege oder Therapie (gemäß OPS 8-97...8-98) für die genaue und vollständige Abrechnung (nach DRG).  Beispiele: Geriatrischer Komplexbehandlungsbogen, Intensivmedizinischer Komplexbehandlungsbogen, MRSA Komplexbehandlungsbogen, Neurologischer Komplexbehandlungsbogen, Palliativmedizinischer Komplexbehandlungsbogen, PKMS Bogen"}],"code":"KOMP","display":"Komplexbehandlungsbögen"},{"extension":[{"url":"http://hl7.org/fhir/StructureDefinition/valueset-concept-comments","valueString":"Therapieprotokolle zum Nachweis der Verabreichung oder Verordnung von Arzneimitteln.  Beispiele: Medikamentenplan, Chemotherapieprotokoll, Hormontherapieprotokoll, Apothekenbuch, Rezept, Anforderung Medikation"}],"code":"MEDI","display":"Medikamentöse Therapien"},{"extension":[{"url":"http://hl7.org/fhir/StructureDefinition/valueset-concept-comments","valueString":"Untersuchungsergebnisse kultureller, serologischer oder molekularbiologischer Erregerdiagnostik zur bakteriologischen oder mikrobiologischen Analyse von Abstrichen, Punktaten, Sekreten, Seren usw.; auch die zugehörigen Untersuchungsanforderungen werden mit diesem Konzept abgebildet. Beachte verwandte Konzepte: IMMU (\"Ergebnisse Immunologie\") und VIRO (\"Ergebnisse Virologie\"). Beispiele: Befund über Nachweis von pathogenen Bakterien, Mikrobiologiebefund, MRSA-Schnelltest, Anforderungsschein Mikrobiologie"}],"code":"MKRO","display":"Ergebnisse Mikrobiologie"},{"extension":[{"url":"http://hl7.org/fhir/StructureDefinition/valueset-concept-comments","valueString":"Dokumente, die in direktem Zusammenhang mit einer durchgeführten Operation (gemäß OPS Kapitel 5) stehen mit Ausnahme der OP-Einwilligung / Aufklärung. Dazu zählen auch Belege, die zum Nachweis der durchgeführten Maßnahmen und verwendeten Materialien vor, während und nach der Operation dienen. Beispiele: OP-Bericht, OP-Protokoll, OP-Checklisten, Sterilgut-/Chargendokumentation, Anmeldungsbogen OP, OPBilddokumentation, Tuchprotokoll, postoperative Verordnungen, Implantatsprotokoll"}],"code":"OPDK","display":"OP-Dokumente"},{"extension":[{"url":"http://hl7.org/fhir/StructureDefinition/valueset-concept-comments","valueString":"Dokumente, welche in direktem Zusammenhang mit einer Tumorerkrankung und deren Nachsorge stehen. Ausgenommen sind Dokumente, in der Diagnostik und Therapie des Patienten festgehalten werden und die durch die entsprechenden spezifischeren Konzepte abgebildet werden, z.B. BEFU (\"Ergebnisse Diagnostik\"), OPDK (\"OP-Dokumente\"), BSTR (\"Bestrahlungsdokumentation\").  Beispiele: onkologische Follow-Up - Dokumente, Meldebogen Krebsregister, Tumorlokalisationsbogen, Tumorboardprotokoll"}],"code":"ONKO","display":"Onkologische Dokumente"},{"extension":[{"url":"http://hl7.org/fhir/StructureDefinition/valueset-concept-comments","valueString":"Befundberichte aus Pathologie, Histologie, Zytopathologie und Molekularpathologie von Organen, Gewebeproben, Zellproben, Foeten usw.; auch die zugehörigen Untersuchungsanforderungen werden mit diesem Konzept abgebildet.  Beispiele: Histologiebefund, Histologieanforderung, Autopsiebericht, Befund Dermatopathologie, Befund Hämatopathologie, Immunhistochemiebefund, Neuropathologiebefund, Schnellschnitt-Ergebnis, Probenbegleitschein Pathologie"}],"code":"PATH","display":"Pathologiebefundberichte"},{"extension":[{"url":"http://hl7.org/fhir/StructureDefinition/valueset-concept-comments","valueString":"Dokumente, welche der Patient zu seinem Kontakt in der Gesundheitseinrichtung mitbringt, die aber nicht in unmittelbarem Zusammenhang mit dem aktuellen Kontakt stehen müssen. Sowie Dokumente, in denen das mitgebrachte Patienteneigentum festgehalten wird.  Beispiele: Ausweise, Vorsorgevollmacht, Patientenverfügung, Wertgegenständeverwaltung, Notfalldatensatz, Patiententagebuch"}],"code":"PATD","display":"Patienteneigene Dokumente"},{"extension":[{"url":"http://hl7.org/fhir/StructureDefinition/valueset-concept-comments","valueString":"Reine Informationsblätter für den Patienten, welche über den Aufenthalt, Verlauf oder eine Krankheit informieren. Diese können auch patientenspezifische Informationen beinhalten. Zusätzlich Terminerinnerungen, Schulungsnachweise und ähnliche dem Patienten ausgehändigte oder an ihn versandte Unterlagen. Beispiele: vom Patienten nicht unterschriebene Belehrung, Informationsblatt, Schulungsunterlagen, Protokolle individueller Ernährungsberatung"}],"code":"PATI","display":"Patienteninformationen"},{"extension":[{"url":"http://hl7.org/fhir/StructureDefinition/valueset-concept-comments","valueString":"Alle Arten von Dokumenten, welche üblicherweise vom Pflegepersonal erstellt oder ausgefüllt werden, sofern sie nicht durch spezifischere Konzepte abgebildet werden (z.B. Wunddokumentation, Ergebnisse Funktionsdiagnostik, Intensivmedizinische Dokumente). Anforderungen von Therapien werden durch Therapiedokumentation abgebildet. Beispiele: Pflegebericht, Pflegekurve, Pflegeplan, Pflegeüberleitungsbogen, Sturzprotokoll, Überwachungsprotokoll, Pflegeanamnesebogen, Ernährungsplan, Dekubitusrisikoeinschätzung, Barthel-Index, Bradenskala, Diabetikerkurve"}],"code":"PFLG","display":"Pflegedokumentation"},{"extension":[{"url":"http://hl7.org/fhir/StructureDefinition/valueset-concept-comments","valueString":"Formulare, welche zur Qualitätssicherung der Krankenhausabläufe ausgefüllt werden müssen.  Beispiele: Pflegestandards, Hygienestandards, Qualitätssicherungsbögen"}],"code":"QUAL","display":"Qualitätssicherung"},{"extension":[{"url":"http://hl7.org/fhir/StructureDefinition/valueset-concept-comments","valueString":"Belege für einen Patienten, welche vom Rettungsdienst erstellt werden. Ausnahme: Reanimationsprotokolle werden über das Konzept FPRO („Therapiedokumentation“) abgebildet.Beispiele: Rettungsdienst-/Notarztprotokoll, Rettungstechnische Daten"}],"code":"RETT","display":"Rettungsdienstliche Dokumente"},{"extension":[{"url":"http://hl7.org/fhir/StructureDefinition/valueset-concept-comments","valueString":"Einrichtungsübergreifender Brief-/Fax-/E-Mailverkehr z.B. Krankenhaus-Krankenkasse, Krankenhaus-Patient usw. Beinhaltet auch solche Dokumente die dem Patienten mitgegeben werden. Das Ziel ist nicht die unmittelbare Patientenversorgung sondern davon unabhängige bzw. diese allenfalls begleitende organisatorische oder administrative Aufgaben, solange diese nicht durch die spezifischeren Konzepte PATI (\"Patienteninformationen\") oder ABRE (\"Abrechnungsdokumente\") abgedeckt sind. Beispiele: Anforderung Unterlagen, Schriftverkehr Amtsgericht, Schriftverkehr MDK Arzt, Schriftverkehr Krankenkasse, Schriftverkehr Deutsche Rentenversicherung, Bescheinigung über Krankenhausaufenthalt"}],"code":"SCHR","display":"Schriftwechsel (administrativ)"},{"extension":[{"url":"http://hl7.org/fhir/StructureDefinition/valueset-concept-comments","valueString":"Dokumente mit allen Informationen über die Phase vor, während und nach dem Geburtsverlauf, inklusive Funktionsdiagnostik (z.B. CTG) und Bildgebende Diagnostik und ähnliche Befunde die sich auf das Kind beziehen. Weiterhin beinhalten das Konzept Belege zur Neugeborenversorgung, wenn sie der Akte der Mutter zugeordnet sind. Verordnungen und Medikamentationsdokumentation hingegen werden über die jeweiligen Konzepte (VERO und MEDI) abgebildet.  Beispiele: Geburtenbericht, Geburtenprotokoll, Geburtenverlaufskurve, Neugeborenenscreening, Partogramm, Wiegekarte,\n          Neugeborenendokumentationsbogen, Säuglingskurve"}],"code":"GEBU","display":"Schwangerschafts- und Geburtsdokumentation"},{"extension":[{"url":"http://hl7.org/fhir/StructureDefinition/valueset-concept-comments","valueString":"Dokumentation zu Leistungen des Sozialdienstes o.ä., bei denen Patienten über verschiedene Unterstützungsangebote informiert, beraten und bei Inanspruchnahme begleitet werden. Ausnahmen: siehe Konzept ANTR (\"Anträge und deren Bescheide\"). Beispiele: Beratungsbogen sozialer Dienst, Soziotherapeutischer Betreuungsplan, Einschätzung Sozialdienst, Abschlussbericht Sozialdienst, Entlassungsmanagement-Bericht, Hilfsmittel-Versorgungsplan, Empfehlungen zur häuslichen Unterbringung und Pflege"}],"code":"SOZI","display":"Sozialdienstdokumente"},{"extension":[{"url":"http://hl7.org/fhir/StructureDefinition/valueset-concept-comments","valueString":"Patientenbezogene Dokumente, die für die Durchführung der Studie (Einschluss, Durchführung, Ende) oder anderer Forschungsvorhaben notwendig sind.  Beispiele: CRF-Bogen, Einwilligung in Studie, Protokoll Ein- und Ausschlusskriterien, Prüfplan, SOP Bogen, Studienbericht"}],"code":"STUD","display":"Studiendokumente"},{"extension":[{"url":"http://hl7.org/fhir/StructureDefinition/valueset-concept-comments","valueString":"Dokumentation von der Entnahme bis zur Transfusion aller Blutprodukte. Ausnahmen: Blutgruppenserologie, Immunhämatologie usw. werden durch das Konzept BEFU (\"Ergebnisse Diagnostik\") abgebildet.  Beispiele: Anforderung Blutkonserve, Blutspendeprotokoll, Bluttransfusionsprotokoll, Konservenbegleitschein, Herstellungs- und Prüfprotokolle von Blutkomponenten"}],"code":"TRFU","display":"Transfusionsdokumente"},{"extension":[{"url":"http://hl7.org/fhir/StructureDefinition/valueset-concept-comments","valueString":"Dokumentation im Zusammenhang mit der Transplantation von Organen oder Gewebe, sowohl Transplantatspender als auch Transplantatempfänger betreffend. Ausgenommen sind Dokumente, in der Diagnostik und Therapie des Patienten festgehalten werden und die durch die entsprechenden spezifischeren Konzepte abgebildet werden, z.B. BEFU (\"Ergebnisse Diagnostik\"), OPDK (\"OP-Dokumente\"), usw.  Beispiele: Transplantationsprotokoll, Spenderdokument"}],"code":"TRPL","display":"Transplantationsdokumente"},{"extension":[{"url":"http://hl7.org/fhir/StructureDefinition/valueset-concept-comments","valueString":"Verordnungen für Heil- und Hilfsmittel, Krankentransport oder andere medizinische Güter und Dienstleistungen mit Ausnahme der Überweisungen und Verordnung von Krankenhausbehandlung. Verordnete Medikationen fallen unter MEDI (\"Medikamentöse Therapie\"). Überweisungen und Verordnungen von Krankenhausbehandlung werden über das Konzept AUFN („Einweisungs- und Aufnahmedokumente“) abgedeckt.Beispiele: Hilfsmittel, Krankentransport, Verordnung von Physiotherapie"}],"code":"VERO","display":"Verordnungen"},{"extension":[{"url":"http://hl7.org/fhir/StructureDefinition/valueset-concept-comments","valueString":"Verträge, welche für die stationäre/ambulante Versorgung abgeschlossen werden.  Beispiele: Behandlungsvertrag, Wahlleistungsvertrag, Heimvertrag"}],"code":"VERT","display":"Verträge"},{"extension":[{"url":"http://hl7.org/fhir/StructureDefinition/valueset-concept-comments","valueString":"Untersuchungsergebnisse der Virusdiagnostik einschließlich virologischer Testergebnisse zu Abstrichen, Sekreten, Seren usw.; auch die zugehörigen Untersuchungsanforderungen werden mit diesem Konzept abgebildet. Beachte verwandte Konzepte: IMMU (\"Ergebnisse Immunologie\") und MKRO (\"Ergebnisse Mikrobiologie\").  Beispiele: Befund über Nachweis von humanpathogenen Viren, Virologiebefund, ELISA, Anforderungsschein Virologie"}],"code":"VIRO","display":"Ergebnisse Virologie"},{"extension":[{"url":"http://hl7.org/fhir/StructureDefinition/valueset-concept-comments","valueString":"Berichte und Verlaufsdokumentationen zur Wunderfassung sowie Wundversorgung eines Patienten, einschließlich der hierfür spezifischen Fotodokumentation.  Beispiele: Wunddokumentationsbogen, Bewegungs- und Lagerungsplan, Wundverlaufsbericht, Wundfotos mit/ohne Vermessungen, Dekubitusdokumentation Ausgeschlossen: Dekubitusrisikoeinschätzung (siehe Pflegedokumentation)."}],"code":"WUND","display":"Wunddokumentation"}]}]}}