<ValueSet xmlns="http://hl7.org/fhir">
	<id value="valueset-ICD-10-GM" />
	<meta>
		<profile value="http://hl7.org/fhir/StructureDefinition/shareablevalueset" />
	</meta>
	<url value="http://fhir.de/ValueSet/dimdi/icd-10-gm" />
	<version value="0.9.13" />
	<name value="ICD10GM" />
	<status value="draft" />
	<experimental value="true" />
	<publisher value="HL7 Deutschland e.V. (Technisches Komitee FHIR)" />
	<description value="ICD-10-GM" />
	<compose>
		<include>
			<system value="http://fhir.de/CodeSystem/dimdi/icd-10-gm" />
		</include>
	</compose>
</ValueSet>