{"resourceType":"ValueSet","id":"1.2.276.0.76.11.33--20180713132759","meta":{"profile":["http://hl7.org/fhir/StructureDefinition/shareablevalueset"]},"extension":[{"url":"http://hl7.org/fhir/StructureDefinition/resource-effectivePeriod","valuePeriod":{"start":"2018-07-13T13:27:59+01:00"}}],"url":"http://ihe-d.de/ValueSets/IHEXDSconfidentialityCode","identifier":[{"use":"official","system":"http://art-decor.org/ns/oids/vs","value":"1.2.276.0.76.11.33"}],"version":"2018-07-13T13:27:59","name":"IHEXDSconfidentialityCode","title":"IHE XDS confidentialityCode","status":"active","experimental":false,"publisher":"IHE Deutschland e.V.","description":"confidentialityCode (XDSDocumentEntry)The code specifying the level of confidentiality of an XDS Document.","immutable":false,"compose":{"include":[{"system":"http://ihe-d.de/CodeSystems/BetroffeneneinschaetzungVertraulichkeitsstufe","concept":[{"extension":[{"url":"http://hl7.org/fhir/StructureDefinition/valueset-concept-comments","valueString":"Aus Sicht der Betroffenen sind die Daten so sensibel, dass sie für praktisch niemanden außer ihr selbst sichtbar sein sollten."}],"code":"PV","display":"gesperrt"},{"extension":[{"url":"http://hl7.org/fhir/StructureDefinition/valueset-concept-comments","valueString":"Aus Sicht der Betroffenen sind die Daten sensibel genug, dass für sie besondere Zugriffsregelungen gelten sollen, die den Kreis der Zugriffsberechtigten signifikant einschränken."}],"code":"PR","display":"erhöhte Vertraulichkeit"},{"extension":[{"url":"http://hl7.org/fhir/StructureDefinition/valueset-concept-comments","valueString":"Aus Sicht der Betroffenen sind die Daten nicht sensibler als andere Gesundheitsdaten und können daher nach den gleichen Regeln benutzt werden"}],"code":"PN","display":"übliche Vertraulichkeit"}]},{"system":"http://terminology.hl7.org/CodeSystem/v3-Confidentiality","concept":[{"code":"N","display":"normal"},{"code":"R","display":"restricted"},{"code":"V","display":"very restricted"}]}]}}