{"resourceType":"ValueSet","id":"1.2.276.0.76.11.39--20180713132816","meta":{"profile":["http://hl7.org/fhir/StructureDefinition/shareablevalueset"]},"extension":[{"url":"http://hl7.org/fhir/StructureDefinition/resource-effectivePeriod","valuePeriod":{"start":"2018-07-13T13:28:16+01:00"}}],"url":"http://ihe-d.de/ValueSets/IHEXDScontentTypeCode","identifier":[{"use":"official","system":"http://art-decor.org/ns/oids/vs","value":"1.2.276.0.76.11.39"}],"version":"2018-07-13T13:28:16","name":"IHEXDScontentTypeCode","title":"IHE XDS contentTypeCode","status":"active","experimental":false,"publisher":"IHE Deutschland e.V.","description":"contentTypeCode (XDSSubmissionSet)The code specifying the type of clinical activity that resulted in placing XDS Documents in a SubmissionSet.","immutable":false,"compose":{"include":[{"system":"http://ihe-d.de/CodeSystems/GrundDerUebermittlung","concept":[{"code":"1","display":"Patientenkontakt"},{"code":"2","display":"Verlegung"},{"code":"3","display":"Entlassung"},{"code":"4","display":"Überweisung/Einweisung"},{"code":"5","display":"Aufnahme"},{"code":"6","display":"Anforderung"},{"code":"7","display":"Auf Anfrage"},{"extension":[{"url":"http://hl7.org/fhir/StructureDefinition/valueset-concept-comments","valueString":"Regelmäßige Übertragungen (z.B. Implantate, Fitnesstracker), auch wenn durch den Patienten ursprünglich veranlasst, werden über das Konzept 11 (\"Monitoring\") abgebildet."}],"code":"8","display":"Veranlassung durch Patient"},{"code":"9","display":"Konsil/Zweitmeinung"},{"code":"10","display":"Systemwechsel/Archivierung"},{"code":"11","display":"Monitoring"}]}]}}