{"resourceType":"ValueSet","id":"1.2.276.0.76.11.40--20180713132721","meta":{"profile":["http://hl7.org/fhir/StructureDefinition/shareablevalueset"]},"extension":[{"url":"http://hl7.org/fhir/StructureDefinition/resource-effectivePeriod","valuePeriod":{"start":"2018-07-13T13:27:21+01:00"}}],"url":"http://ihe-d.de/ValueSets/IHEXDScodeList","identifier":[{"use":"official","system":"http://art-decor.org/ns/oids/vs","value":"1.2.276.0.76.11.40"}],"version":"2018-07-13T13:27:21","name":"IHEXDScodeList","title":"IHE XDS codeList","status":"active","experimental":false,"publisher":"IHE Deutschland e.V.","description":"codeList (XDSFolder)The set of codes specifying the type of clinical activities that resulted in placing XDS Documents in a Folder.","immutable":false,"compose":{"include":[{"system":"http://ihe-d.de/CodeSystems/Ordnertypen","concept":[{"code":"DMP","display":"Disease Management Programm"},{"code":"ECR","display":"Elektronische Fallakte (EFA)"},{"code":"IVA","display":"Integrierte Versorgung (IVa-Vertrag)"},{"code":"IVB","display":"Integrierte Versorgung (IVb-Vertrag)"},{"code":"DIAG","display":"Medizinischer Fall auf Diagnose Basis"},{"code":"EMERG","display":"Notfall-relevante Dokumente"}]}]}}