{
    "resourceType": "ValueSet",
    "id": "1.2.276.0.76.11.30--20180713131246",
    "meta": {
        "profile": ["http://hl7.org/fhir/StructureDefinition/shareablevalueset"]
    },
    "extension": [{
            "url": "http://hl7.org/fhir/StructureDefinition/resource-effectivePeriod",
            "valuePeriod": {
                "start": "2018-07-13T13:12:46+01:00"
            }
        }
    ],
    "url": "http://ihe-d.de/ValueSets/IHEXDSauthorRole",
    "identifier": [{
            "use": "official",
            "system": "http://art-decor.org/ns/oids/vs",
            "value": "1.2.276.0.76.11.30"
        }
    ],
    "version": "2018-07-13T13:12:46",
    "name": "IHEXDSauthorRole",
    "title": "IHE XDS authorRole",
    "status": "active",
    "experimental": false,
    "publisher": "IHE Deutschland e.V.",
    "description": "authorRole (XDSDocumentEntry or XDSSubmissionSet)Represents the role of the author with respect to the patient at the time that an XDS Document or XDS Submission Set was created.",
    "immutable": false,
    "compose": {
        "include": [{
                "system": "http://ihe-d.de/CodeSystems/ProzessrollenFuerAutoren",
                "concept": [{
                        "extension": [{
                                "url": "http://hl7.org/fhir/StructureDefinition/valueset-concept-comments",
                                "valueString": "Die Person, die die Einweisung veranlasst hat. (Sie wird auch als Zuweiser bezeichnet.)"
                            }
                        ],
                        "code": "1",
                        "display": "Einweiser"
                    }, {
                        "extension": [{
                                "url": "http://hl7.org/fhir/StructureDefinition/valueset-concept-comments",
                                "valueString": "Die Person, die für die Entlassung verantwortlich ist."
                            }
                        ],
                        "code": "2",
                        "display": "Entlassender"
                    }, {
                        "extension": [{
                                "url": "http://hl7.org/fhir/StructureDefinition/valueset-concept-comments",
                                "valueString": "Die Person, die die Überweisung veranlasst hat."
                            }
                        ],
                        "code": "3",
                        "display": "Überweiser"
                    }, {
                        "extension": [{
                                "url": "http://hl7.org/fhir/StructureDefinition/valueset-concept-comments",
                                "valueString": "Die Person oder das Gerät, welche(s) die dokumentierte Aktion durchgeführt hat."
                            }
                        ],
                        "code": "4",
                        "display": "Durchführender"
                    }, {
                        "extension": [{
                                "url": "http://hl7.org/fhir/StructureDefinition/valueset-concept-comments",
                                "valueString": "Das Gerät, welches die dokumentierte Aktion durchgeführt hat."
                            }
                        ],
                        "code": "5",
                        "display": "durchführendes Gerät"
                    }, {
                        "extension": [{
                                "url": "http://hl7.org/fhir/StructureDefinition/valueset-concept-comments",
                                "valueString": "Die Person, die den Patienten betreut, d.h. den Überblick über die Behandlung behält und als primärer Ansprechpartner während der Behandlung dient."
                            }
                        ],
                        "code": "6",
                        "display": "Betreuer"
                    }, {
                        "extension": [{
                                "url": "http://hl7.org/fhir/StructureDefinition/valueset-concept-comments",
                                "valueString": "Die Person, die den Patienten pflegerisch (aktiv) betreut."
                            }
                        ],
                        "code": "7",
                        "display": "Pflegender"
                    }, {
                        "extension": [{
                                "url": "http://hl7.org/fhir/StructureDefinition/valueset-concept-comments",
                                "valueString": "Die Person, die ein Gutachten erstellt."
                            }
                        ],
                        "code": "17",
                        "display": "Begutachtender"
                    }, {
                        "extension": [{
                                "url": "http://hl7.org/fhir/StructureDefinition/valueset-concept-comments",
                                "valueString": "Die Person, die den Patienten aktiv behandelt im Sinne der Verbesserung (oder zumindest Beibehaltung) des gesundheitlichen Zustandes."
                            }
                        ],
                        "code": "8",
                        "display": "Behandler"
                    }, {
                        "extension": [{
                                "url": "http://hl7.org/fhir/StructureDefinition/valueset-concept-comments",
                                "valueString": "Die Person, die den Patienten außerhalb der (eigenen) Einrichtung zuerst behandelt hat. Das kann - muss aber nicht - im Rahmen einer Notfallversorgung stattgefunden haben."
                            }
                        ],
                        "code": "9",
                        "display": "Erstbehandler außerhalb einer Einrichtung"
                    }, {
                        "extension": [{
                                "url": "http://hl7.org/fhir/StructureDefinition/valueset-concept-comments",
                                "valueString": "Die Person, die zusätzliche Mittel (Medikamente, Heil-/Hilfsmittel) bereitgestellt hat."
                            }
                        ],
                        "code": "10",
                        "display": "Bereitstellender"
                    }, {
                        "extension": [{
                                "url": "http://hl7.org/fhir/StructureDefinition/valueset-concept-comments",
                                "valueString": "Die Person, die übermittelte Informationen eingibt oder ein Gerät, das erzeugte Daten im System hinterlegt."
                            }
                        ],
                        "code": "11",
                        "display": "Dokumentierender"
                    }, {
                        "extension": [{
                                "url": "http://hl7.org/fhir/StructureDefinition/valueset-concept-comments",
                                "valueString": "Das Gerät, welches erzeugte Daten im System hinterlegt."
                            }
                        ],
                        "code": "12",
                        "display": "dokumentierendes Gerät"
                    }, {
                        "extension": [{
                                "url": "http://hl7.org/fhir/StructureDefinition/valueset-concept-comments",
                                "valueString": "Die Person, die Korrektheit der hinterlegten Information überprüft und verifiziert hat."
                            }
                        ],
                        "code": "13",
                        "display": "Validierer"
                    }, {
                        "extension": [{
                                "url": "http://hl7.org/fhir/StructureDefinition/valueset-concept-comments",
                                "valueString": "Die Person, die vor dem Gesetz für die Korrektheit der Informationen verantwortlich ist und dafür haftet."
                            }
                        ],
                        "code": "14",
                        "display": "Gesetzlich Verantwortlicher"
                    }, {
                        "extension": [{
                                "url": "http://hl7.org/fhir/StructureDefinition/valueset-concept-comments",
                                "valueString": "Die Person, die Auswertungen vorgenommen und beratend involviert war."
                            }
                        ],
                        "code": "15",
                        "display": "Beratender"
                    }, {
                        "extension": [{
                                "url": "http://hl7.org/fhir/StructureDefinition/valueset-concept-comments",
                                "valueString": "Eine Person, die zu den hier dokumentierten Informationen beigetragen hat."
                            }
                        ],
                        "code": "16",
                        "display": "Informierender"
                    }
                ]
            }, {
                "system": "http://ihe-d.de/CodeSystems/PatientenbeziehungsrollenFuerAutoren",
                "concept": [{
                        "extension": [{
                                "url": "http://hl7.org/fhir/StructureDefinition/valueset-concept-comments",
                                "valueString": "der Hausarzt (Primärversorger) des Patienten"
                            }
                        ],
                        "code": "101",
                        "display": "Hausarzt"
                    }, {
                        "extension": [{
                                "url": "http://hl7.org/fhir/StructureDefinition/valueset-concept-comments",
                                "valueString": "der Patient selbst"
                            }
                        ],
                        "code": "102",
                        "display": "Patient"
                    }, {
                        "extension": [{
                                "url": "http://hl7.org/fhir/StructureDefinition/valueset-concept-comments",
                                "valueString": "ein Vertreter des Arbeitgebers des Patienten"
                            }
                        ],
                        "code": "103",
                        "display": "Arbeitgebervertreter"
                    }, {
                        "extension": [{
                                "url": "http://hl7.org/fhir/StructureDefinition/valueset-concept-comments",
                                "valueString": "Die Person, die den Patienten normalerweise primär betreut. Beispiele: Langzeitpflege, Stammapotheke"
                            }
                        ],
                        "code": "104",
                        "display": "Primärbetreuer (langfristig)"
                    }, {
                        "extension": [{
                                "url": "http://hl7.org/fhir/StructureDefinition/valueset-concept-comments",
                                "valueString": "ein Vertreter des Kostenträgers"
                            }
                        ],
                        "code": "105",
                        "display": "Kostenträgerverteter"
                    }
                ]
            }
        ]
    }
}
