<ValueSet xmlns="http://hl7.org/fhir"><url value="http://fhir.de/ValueSet/iso/bundeslaender" /><version value="0.9.13" /><name value="ISO31662DE" /><title value="ISO-3166-2:de-Laendercodes" /><status value="draft" /><experimental value="true" /><date value="2020-12-08" /><publisher value="HL7 Deutschland e.V. (Technisches Komitee FHIR)" /><contact><telecom><system value="url" /><value value="http://hl7.de/technische-komitees/fhir/" /></telecom></contact><description value="Enthaelt die ISO-3166-2:DE Codes für die deutschen Bundeslaender." /><copyright value="HL7 Deutschland e.V." /><compose><include><system value="urn:iso:std:iso:3166-2:de" /></include></compose></ValueSet>