<ValueSet xmlns="http://hl7.org/fhir"><id value="valueset-Aufnahmeart" /><meta><profile value="http://hl7.org/fhir/StructureDefinition/shareablevalueset" /></meta><url value="http://fhir.de/ValueSet/Aufnahmeart" /><version value="0.9.13" /><name value="Aufnahmeart" /><status value="draft" /><experimental value="true" /><date value="2020-02-17" /><publisher value="HL7 Deutschland e.V. (Technisches Komitee FHIR)" /><contact><telecom><system value="other" /><value value="http://hl7.de/technische-komitees/fhir/" /></telecom></contact><description value="Valueset zur Codierung verschiedener in DE üblicher Aufnahmearten basierend gesetzlichen Grundlagen" /><compose><include><system value="http://fhir.de/CodeSystem/Aufnahmeart" /></include></compose></ValueSet>