<ValueSet xmlns="http://hl7.org/fhir">
	<id value="valueset-pzn" />
	<meta>
		<profile value="http://hl7.org/fhir/StructureDefinition/shareablevalueset" />
	</meta>
	<url value="http://fhir.de/ValueSet/ifa/pzn" />
	<version value="0.9.13" />
	<name value="PZN" />
	<status value="draft" />
	<experimental value="true" />
	<date value="2017-08-08" />
	<publisher value="Informationsstelle für Arzneispezialitäten (IFA)" />
	<description value="Die Pharmazentralnummer (PZN) ist ein in Deutschland bundeseinheitlicher Identifikationsschlüssel für Arzneimittel, Hilfsmittel und andere Apothekenprodukte. Sie ist eine achtstellige Nummer (7 Ziffern + Prüfziffer) mit vorangestelltem Minus-Zeichen, die Arzneimittel nach Bezeichnung, Darreichungsform, Wirkstoffstärke und Packungsgröße eindeutig kennzeichnet. Sie wird im Klartext (Zahlen) mit vorangestelltem „PZN“ und als Strichcode (Code39) auf jede Arzneimittelpackung aufgedruckt, wobei die Zeichenfolge „PZN“ nicht im Strichcode enthalten ist." />
	<compose>
		<include>
			<system value="http://fhir.de/CodeSystem/ifa/pzn" />
		</include>
	</compose>
</ValueSet>