<ValueSet xmlns="http://hl7.org/fhir"><meta><profile value="http://hl7.org/fhir/StructureDefinition/shareablevalueset" /></meta><url value="http://fhir.de/ValueSet/VitalSignDE_Body_Length_UCUM" /><version value="0.9.13" /><name value="VitalSignDE_Body_Length_UCUM" /><title value="VitalSignDE_Body_Length_UCUM" /><status value="active" /><experimental value="false" /><publisher value="Technisches Komitee FHIR HL7 Deutschland e.V." /><description value="VitalSignDE_Body_Length_UCUM" /><compose><include><system value="http://unitsofmeasure.org" /><concept><code value="cm" /><display value="centimeter" /></concept><concept><code value="m" /><display value="meter" /></concept></include></compose></ValueSet>