<Condition xmlns="http://hl7.org/fhir">
  <meta>
    <profile value="https://fhir.kbv.de/StructureDefinition/KBV_PR_Base_Diagnosis|1.1.1" />
  </meta>
  <severity>
    <coding>
      <system value="http://snomed.info/sct" />
      <version value="http://snomed.info/sct/900000000000207008/version/20200731" />
      <code value="24484000" />
      <display value="Severe (severity modifier) (qualifier value)">
        <extension url="https://fhir.kbv.de/StructureDefinition/KBV_EX_Base_Terminology_German">
          <extension url="content">
            <valueString value="schwer" />
          </extension>
        </extension>
      </display>
    </coding>
  </severity>
  <code>
    <coding>
      <system value="http://fhir.de/CodeSystem/dimdi/icd-10-gm" />
      <version value="2020" />
      <code value="A00.0" />
    </coding>
    <coding>
      <system value="http://fhir.de/CodeSystem/dimdi/alpha-id" />
      <version value="2020" />
      <code value="I6158" />
    </coding>
    <coding>
      <system value="http://snomed.info/sct" />
      <version value="http://snomed.info/sct/900000000000207008/version/20200731" />
      <code value="404684003" />
      <display value="Clinical finding (finding)" />
    </coding>
    <coding>
      <system value="http://www.orpha.net" />
      <version value="5.36.0" />
      <code value="104075" />
    </coding>
  </code>
  <bodySite>
    <coding>
      <system value="http://snomed.info/sct" />
      <version value="http://snomed.info/sct/900000000000207008/version/20200731" />
      <code value="76505004" />
    </coding>
  </bodySite>
  <subject>
    <identifier>
      <type>
        <coding>
          <system value="https://fhir.kbv.de/CodeSystem/KBV_CS_Base_identifier_type" />
          <code value="kvk" />
        </coding>
      </type>
      <system value="http://fhir.de/NamingSystem/gkv/kvk-versichertennummer" />
      <value value="F123456784" />
    </identifier>
  </subject>
  <onsetPeriod>
    <start value="2010" />
    <end value="2015" />
  </onsetPeriod>
  <recordedDate value="2020-05-07" />
</Condition>