<ConceptMap xmlns="http://hl7.org/fhir">
  <url value="https://fhir.kbv.de/ConceptMap/KBV_CM_Base_Stage_Life_German" />
  <version value="1.1.1" />
  <name value="KBV_CM_Base_Stage_Life_German" />
  <status value="active" />
  <experimental value="false" />
  <publisher value="Kassenärztliche Bundesvereinigung (KBV)" />
  <copyright value="Copyright © [2020], Kassenärztliche Bundesvereinigung (KBV). All rights reserved." />
  <description value="Diese Conceptmap verknüpft die Codes für die Lebensphase mit deutschen Bezeichnungen" />
  <group>
    <source value="http://snomed.info/sct" />
    <target value="https://fhir.kbv.de/CodeSystem/KBV_CS_Base_Stage_Life_German" />
    <element>
      <code value="271872005" />
      <display value="Old age (qualifier value)" />
      <target>
        <code value="Senior65" />
        <display value="Ältere Person/ Senioren (Mit Beginn des 65. Lebensjahres)" />
        <equivalence value="equivalent" />
      </target>
    </element>
    <element>
      <code value="41847000" />
      <display value="Adulthood (qualifier value)" />
      <target>
        <code value="Erwachsener18" />
        <display value="Erwachsener (Ab Beginn des 19. Lebensjahres)" />
        <equivalence value="equivalent" />
      </target>
    </element>
    <element>
      <code value="263659003" />
      <display value="Adolescence (qualifier value)" />
      <target>
        <code value="Jugendlicher1318" />
        <display value="Jugendlicher (Ab Beginn des 13. bis zum vollendeten 18. Lebensjahres)" />
        <equivalence value="equivalent" />
      </target>
    </element>
    <element>
      <code value="255398004" />
      <display value="Childhood (qualifier value)" />
      <target>
        <code value="Kind412" />
        <display value="Kind (Ab Beginn des 4. bis zum vollendeten 12. Lebensjahres)" />
        <equivalence value="equivalent" />
      </target>
    </element>
    <element>
      <code value="713153009" />
      <display value="Toddler (qualifier value)" />
      <target>
        <code value="Kleinkind134" />
        <display value="Kleinkind (Ab Beginn des 13. Lebensmonat bis zum vollendeten 3. Lebensjahr)" />
        <equivalence value="equivalent" />
      </target>
    </element>
    <element>
      <code value="3658006" />
      <display value="Infancy (qualifier value)" />
      <target>
        <code value="Saeugling12" />
        <display value="Säugling (Ab Beginn des 29. Lebenstages bis zum vollendeten 12. Lebensmonat)" />
        <equivalence value="equivalent" />
      </target>
    </element>
    <element>
      <code value="255407002" />
      <display value="Neonatal (qualifier value)" />
      <target>
        <code value="Neugeborenes029" />
        <display value="Neugeborenes (Ab Geburt bis zum 29. Lebenstag)" />
        <equivalence value="equivalent" />
      </target>
    </element>
  </group>
</ConceptMap>