<CodeSystem xmlns="http://hl7.org/fhir">
  <url value="https://fhir.kbv.de/CodeSystem/KBV_CS_Base_Apgar_Score_Value_German" />
  <version value="1.1.1" />
  <name value="KBV_CS_Base_Apgar_Score_Value_German" />
  <status value="active" />
  <experimental value="false" />
  <date value="2019-11-14" />
  <publisher value="Kassenärztliche Bundesvereinigung (KBV)" />
  <contact>
    <telecom>
      <system value="url" />
      <value value="http://www.kbv.de" />
    </telecom>
  </contact>
  <description value="Dieses Codesystem enthält die Codes für deutsche Bezeichner des Apgarscore-Wertes" />
  <copyright value="Copyright © [2020], Kassenärztliche Bundesvereinigung (KBV). All rights reserved." />
  <caseSensitive value="true" />
  <content value="complete" />
  <concept>
    <code value="Apgar0" />
    <display value="Apgar 0" />
  </concept>
  <concept>
    <code value="Apgar1" />
    <display value="Apgar 1" />
  </concept>
  <concept>
    <code value="Apgar2" />
    <display value="Apgar 2" />
  </concept>
  <concept>
    <code value="Apgar3" />
    <display value="Apgar 3" />
  </concept>
  <concept>
    <code value="Apgar4" />
    <display value="Apgar 4" />
  </concept>
  <concept>
    <code value="Apgar5" />
    <display value="Apgar 5" />
  </concept>
  <concept>
    <code value="Apgar6" />
    <display value="Apgar 6" />
  </concept>
  <concept>
    <code value="Apgar7" />
    <display value="Apgar 7" />
  </concept>
  <concept>
    <code value="Apgar8" />
    <display value="Apgar 8" />
  </concept>
  <concept>
    <code value="Apgar9" />
    <display value="Apgar 9" />
  </concept>
  <concept>
    <code value="Apgar10" />
    <display value="Apgar 10" />
  </concept>
</CodeSystem>