<CodeSystem xmlns="http://hl7.org/fhir">
  <url value="https://fhir.kbv.de/CodeSystem/KBV_CS_Base_Head_Circumference_Snomed_German" />
  <version value="1.1.1" />
  <name value="KBV_CS_Base_Head_Circumference_Snomed_German" />
  <status value="active" />
  <experimental value="false" />
  <date value="2020-06-01" />
  <publisher value="Kassenärztliche Bundesvereinigung (KBV)" />
  <contact>
    <telecom>
      <system value="url" />
      <value value="http://www.kbv.de" />
    </telecom>
  </contact>
  <description value="Dieses Codesystem enthält die Codes für deutsche Bezeichner des Kopfumfangs" />
  <copyright value="Copyright © [2020], Kassenärztliche Bundesvereinigung (KBV). All rights reserved." />
  <caseSensitive value="true" />
  <content value="complete" />
  <concept>
    <code value="Kopfumfang" />
    <display value="Kopfumfang" />
  </concept>
</CodeSystem>