<StructureDefinition xmlns="http://hl7.org/fhir">
  <url value="https://fhir.kbv.de/StructureDefinition/KBV_PR_Base_Organization" />
  <version value="1.1.1" />
  <name value="KBV_PR_Base_Organization" />
  <status value="active" />
  <fhirVersion value="4.0.1" />
  <mapping>
    <identity value="v2" />
    <uri value="http://hl7.org/v2" />
    <name value="HL7 v2 Mapping" />
  </mapping>
  <mapping>
    <identity value="rim" />
    <uri value="http://hl7.org/v3" />
    <name value="RIM Mapping" />
  </mapping>
  <mapping>
    <identity value="servd" />
    <uri value="http://www.omg.org/spec/ServD/1.0/" />
    <name value="ServD" />
  </mapping>
  <mapping>
    <identity value="w5" />
    <uri value="http://hl7.org/fhir/fivews" />
    <name value="FiveWs Pattern Mapping" />
  </mapping>
  <kind value="resource" />
  <abstract value="false" />
  <type value="Organization" />
  <baseDefinition value="http://hl7.org/fhir/StructureDefinition/Organization" />
  <derivation value="constraint" />
  <differential>
    <element id="Organization.extension">
      <path value="Organization.extension" />
      <slicing>
        <discriminator>
          <type value="value" />
          <path value="url" />
        </discriminator>
        <rules value="open" />
      </slicing>
    </element>
    <element id="Organization.extension:ergaenzende_Angaben">
      <path value="Organization.extension" />
      <sliceName value="ergaenzende_Angaben" />
      <max value="1" />
      <type>
        <code value="Extension" />
        <profile value="https://fhir.kbv.de/StructureDefinition/KBV_EX_Base_Additional_Comment" />
      </type>
    </element>
    <element id="Organization.identifier">
      <path value="Organization.identifier" />
      <slicing>
        <discriminator>
          <type value="value" />
          <path value="type.coding.code" />
        </discriminator>
        <rules value="open" />
      </slicing>
    </element>
    <element id="Organization.identifier:Institutionskennzeichen">
      <path value="Organization.identifier" />
      <sliceName value="Institutionskennzeichen" />
      <type>
        <code value="Identifier" />
        <profile value="http://fhir.de/StructureDefinition/identifier-iknr|0.9.12" />
      </type>
    </element>
    <element id="Organization.identifier:Institutionskennzeichen.type">
      <path value="Organization.identifier.type" />
      <min value="1" />
    </element>
    <element id="Organization.identifier:Betriebsstaettennummer">
      <path value="Organization.identifier" />
      <sliceName value="Betriebsstaettennummer" />
      <type>
        <code value="Identifier" />
        <profile value="http://fhir.de/StructureDefinition/identifier-bsnr|0.9.12" />
      </type>
    </element>
    <element id="Organization.identifier:Betriebsstaettennummer.type">
      <path value="Organization.identifier.type" />
      <min value="1" />
    </element>
    <element id="Organization.identifier:VKNR">
      <path value="Organization.identifier" />
      <sliceName value="VKNR" />
      <type>
        <code value="Identifier" />
        <profile value="http://fhir.de/StructureDefinition/identifier-vknr|0.9.12" />
      </type>
    </element>
    <element id="Organization.identifier:VKNR.type">
      <path value="Organization.identifier.type" />
      <min value="1" />
    </element>
    <element id="Organization.identifier:KZV-Abrechnungsnummer">
      <path value="Organization.identifier" />
      <sliceName value="KZV-Abrechnungsnummer" />
      <max value="1" />
      <type>
        <code value="Identifier" />
        <profile value="http://fhir.de/StructureDefinition/identifier-zanr|0.9.12" />
      </type>
    </element>
    <element id="Organization.identifier:KZV-Abrechnungsnummer.type">
      <path value="Organization.identifier.type" />
      <min value="1" />
    </element>
    <element id="Organization.telecom.system">
      <path value="Organization.telecom.system" />
      <min value="1" />
    </element>
    <element id="Organization.telecom.value">
      <path value="Organization.telecom.value" />
      <min value="1" />
    </element>
    <element id="Organization.address">
      <path value="Organization.address" />
      <slicing>
        <discriminator>
          <type value="value" />
          <path value="type" />
        </discriminator>
        <rules value="open" />
      </slicing>
    </element>
    <element id="Organization.address:Strassenanschrift">
      <path value="Organization.address" />
      <sliceName value="Strassenanschrift" />
      <max value="1" />
      <type>
        <code value="Address" />
        <profile value="http://fhir.de/StructureDefinition/address-de-basis|0.9.12" />
      </type>
    </element>
    <element id="Organization.address:Strassenanschrift.extension">
      <path value="Organization.address.extension" />
      <slicing>
        <discriminator>
          <type value="value" />
          <path value="url" />
        </discriminator>
        <rules value="open" />
      </slicing>
    </element>
    <element id="Organization.address:Strassenanschrift.extension:Stadtteil">
      <path value="Organization.address.extension" />
      <sliceName value="Stadtteil" />
      <short value="In diesem Element soll der Stadt- oder Ortsteil meistens eines Stadtstaates dokumentiert werden." />
    </element>
    <element id="Organization.address:Strassenanschrift.type">
      <path value="Organization.address.type" />
      <min value="1" />
      <fixedCode value="both" />
    </element>
    <element id="Organization.address:Strassenanschrift.line">
      <path value="Organization.address.line" />
      <max value="2" />
    </element>
    <element id="Organization.address:Strassenanschrift.line.extension">
      <path value="Organization.address.line.extension" />
      <slicing>
        <discriminator>
          <type value="value" />
          <path value="url" />
        </discriminator>
        <rules value="open" />
      </slicing>
    </element>
    <element id="Organization.address:Strassenanschrift.line.extension:Strasse">
      <path value="Organization.address.line.extension" />
      <sliceName value="Strasse" />
    </element>
    <element id="Organization.address:Strassenanschrift.line.extension:Strasse.value[x]">
      <path value="Organization.address.line.extension.value[x]" />
      <slicing>
        <discriminator>
          <type value="type" />
          <path value="$this" />
        </discriminator>
        <rules value="open" />
      </slicing>
    </element>
    <element id="Organization.address:Strassenanschrift.line.extension:Strasse.value[x]:valueString">
      <path value="Organization.address.line.extension.value[x]" />
      <sliceName value="valueString" />
      <maxLength value="46" />
    </element>
    <element id="Organization.address:Strassenanschrift.line.extension:Hausnummer">
      <path value="Organization.address.line.extension" />
      <sliceName value="Hausnummer" />
    </element>
    <element id="Organization.address:Strassenanschrift.line.extension:Hausnummer.value[x]">
      <path value="Organization.address.line.extension.value[x]" />
      <slicing>
        <discriminator>
          <type value="type" />
          <path value="$this" />
        </discriminator>
        <rules value="open" />
      </slicing>
    </element>
    <element id="Organization.address:Strassenanschrift.line.extension:Hausnummer.value[x]:valueString">
      <path value="Organization.address.line.extension.value[x]" />
      <sliceName value="valueString" />
      <maxLength value="9" />
    </element>
    <element id="Organization.address:Strassenanschrift.line.extension:Adresszusatz">
      <path value="Organization.address.line.extension" />
      <sliceName value="Adresszusatz" />
    </element>
    <element id="Organization.address:Strassenanschrift.line.extension:Adresszusatz.value[x]">
      <path value="Organization.address.line.extension.value[x]" />
      <slicing>
        <discriminator>
          <type value="type" />
          <path value="$this" />
        </discriminator>
        <rules value="open" />
      </slicing>
    </element>
    <element id="Organization.address:Strassenanschrift.line.extension:Adresszusatz.value[x]:valueString">
      <path value="Organization.address.line.extension.value[x]" />
      <sliceName value="valueString" />
      <maxLength value="40" />
    </element>
    <element id="Organization.address:Strassenanschrift.line.extension:Postfach">
      <path value="Organization.address.line.extension" />
      <sliceName value="Postfach" />
      <max value="0" />
    </element>
    <element id="Organization.address:Strassenanschrift.city">
      <path value="Organization.address.city" />
      <maxLength value="40" />
    </element>
    <element id="Organization.address:Strassenanschrift.postalCode">
      <path value="Organization.address.postalCode" />
      <maxLength value="10" />
    </element>
    <element id="Organization.address:Strassenanschrift.country">
      <path value="Organization.address.country" />
      <definition value="Staat gemäß dem ValueSet https://fhir.kbv.de/ValueSet/KBV_VS_BASE_GemRS_Anlage_8" />
      <comment value="Staat gemäß dem ValueSet https://fhir.kbv.de/ValueSet/KBV_VS_BASE_GemRS_Anlage_8" />
      <binding>
        <strength value="extensible" />
        <valueSet value="https://fhir.kbv.de/ValueSet/KBV_VS_BASE_GemRS_Anlage_8" />
      </binding>
    </element>
    <element id="Organization.address:Postfach">
      <path value="Organization.address" />
      <sliceName value="Postfach" />
      <max value="1" />
      <type>
        <code value="Address" />
        <profile value="http://fhir.de/StructureDefinition/address-de-basis|0.9.12" />
      </type>
    </element>
    <element id="Organization.address:Postfach.extension">
      <path value="Organization.address.extension" />
      <slicing>
        <discriminator>
          <type value="value" />
          <path value="url" />
        </discriminator>
        <rules value="open" />
      </slicing>
    </element>
    <element id="Organization.address:Postfach.extension:Stadtteil">
      <path value="Organization.address.extension" />
      <sliceName value="Stadtteil" />
      <short value="In diesem Element soll der Stadt- oder Ortsteil meistens eines Stadtstaates dokumentiert werden." />
    </element>
    <element id="Organization.address:Postfach.type">
      <path value="Organization.address.type" />
      <min value="1" />
      <fixedCode value="postal" />
    </element>
    <element id="Organization.address:Postfach.line">
      <path value="Organization.address.line" />
      <max value="2" />
    </element>
    <element id="Organization.address:Postfach.line.extension">
      <path value="Organization.address.line.extension" />
      <slicing>
        <discriminator>
          <type value="value" />
          <path value="url" />
        </discriminator>
        <rules value="open" />
      </slicing>
    </element>
    <element id="Organization.address:Postfach.line.extension:Strasse">
      <path value="Organization.address.line.extension" />
      <sliceName value="Strasse" />
      <max value="0" />
    </element>
    <element id="Organization.address:Postfach.line.extension:Hausnummer">
      <path value="Organization.address.line.extension" />
      <sliceName value="Hausnummer" />
      <max value="0" />
    </element>
    <element id="Organization.address:Postfach.line.extension:Adresszusatz">
      <path value="Organization.address.line.extension" />
      <sliceName value="Adresszusatz" />
      <max value="0" />
    </element>
    <element id="Organization.address:Postfach.line.extension:Postfach">
      <path value="Organization.address.line.extension" />
      <sliceName value="Postfach" />
      <min value="1" />
    </element>
    <element id="Organization.address:Postfach.line.extension:Postfach.value[x]">
      <path value="Organization.address.line.extension.value[x]" />
      <slicing>
        <discriminator>
          <type value="type" />
          <path value="$this" />
        </discriminator>
        <rules value="open" />
      </slicing>
    </element>
    <element id="Organization.address:Postfach.line.extension:Postfach.value[x]:valueString">
      <path value="Organization.address.line.extension.value[x]" />
      <sliceName value="valueString" />
      <maxLength value="8" />
    </element>
    <element id="Organization.address:Postfach.city">
      <path value="Organization.address.city" />
      <maxLength value="40" />
    </element>
    <element id="Organization.address:Postfach.postalCode">
      <path value="Organization.address.postalCode" />
      <maxLength value="10" />
    </element>
    <element id="Organization.address:Postfach.country">
      <path value="Organization.address.country" />
      <definition value="Staat gemäß dem ValueSet https://fhir.kbv.de/ValueSet/KBV_VS_BASE_GemRS_Anlage_8" />
      <comment value="Staat gemäß dem ValueSet https://fhir.kbv.de/ValueSet/KBV_VS_BASE_GemRS_Anlage_8" />
      <binding>
        <strength value="extensible" />
        <valueSet value="https://fhir.kbv.de/ValueSet/KBV_VS_BASE_GemRS_Anlage_8" />
      </binding>
    </element>
    <element id="Organization.contact.address.country">
      <path value="Organization.contact.address.country" />
      <short value="Staat" />
      <definition value="Staat gemäß dem ValueSet https://fhir.kbv.de/ValueSet/KBV_VS_BASE_GemRS_Anlage_8" />
      <comment value="Staat gemäß dem ValueSet https://fhir.kbv.de/ValueSet/KBV_VS_BASE_GemRS_Anlage_8" />
      <binding>
        <strength value="extensible" />
        <valueSet value="https://fhir.kbv.de/ValueSet/KBV_VS_BASE_GemRS_Anlage_8" />
      </binding>
    </element>
  </differential>
</StructureDefinition>