<StructureDefinition xmlns="http://hl7.org/fhir">
  <url value="https://fhir.kbv.de/StructureDefinition/KBV_PR_Base_Patient" />
  <version value="1.1.1" />
  <name value="KBV_PR_Base_Patient" />
  <status value="active" />
  <fhirVersion value="4.0.1" />
  <mapping>
    <identity value="rim" />
    <uri value="http://hl7.org/v3" />
    <name value="RIM Mapping" />
  </mapping>
  <mapping>
    <identity value="cda" />
    <uri value="http://hl7.org/v3/cda" />
    <name value="CDA (R2)" />
  </mapping>
  <mapping>
    <identity value="w5" />
    <uri value="http://hl7.org/fhir/fivews" />
    <name value="FiveWs Pattern Mapping" />
  </mapping>
  <mapping>
    <identity value="v2" />
    <uri value="http://hl7.org/v2" />
    <name value="HL7 v2 Mapping" />
  </mapping>
  <mapping>
    <identity value="loinc" />
    <uri value="http://loinc.org" />
    <name value="LOINC code for the element" />
  </mapping>
  <kind value="resource" />
  <abstract value="false" />
  <type value="Patient" />
  <baseDefinition value="http://hl7.org/fhir/StructureDefinition/Patient" />
  <derivation value="constraint" />
  <differential>
    <element id="Patient">
      <path value="Patient" />
      <constraint>
        <key value="pat-de-1" />
        <severity value="error" />
        <human value="Die amtliche Differenzierung der Geschlechtsangabe 'other' darf nur gefüllt sein, wenn das Geschlecht 'other' angegeben ist" />
        <expression value="gender='other' or gender.extension('http://fhir.de/StructureDefinition/gender-amtlich-de').empty()" />
        <source value="http://fhir.de/StructureDefinition/Patient" />
      </constraint>
    </element>
    <element id="Patient.identifier">
      <path value="Patient.identifier" />
      <slicing>
        <discriminator>
          <type value="value" />
          <path value="type.coding.code" />
        </discriminator>
        <rules value="closed" />
      </slicing>
    </element>
    <element id="Patient.identifier:pid">
      <path value="Patient.identifier" />
      <sliceName value="pid" />
      <type>
        <code value="Identifier" />
        <profile value="http://fhir.de/StructureDefinition/identifier-pid|0.9.12" />
      </type>
    </element>
    <element id="Patient.identifier:versichertenId_GKV">
      <path value="Patient.identifier" />
      <sliceName value="versichertenId_GKV" />
      <max value="1" />
      <type>
        <code value="Identifier" />
        <profile value="http://fhir.de/StructureDefinition/identifier-kvid-10|0.9.12" />
      </type>
    </element>
    <element id="Patient.identifier:versichertenId_GKV.type">
      <path value="Patient.identifier.type" />
      <min value="1" />
    </element>
    <element id="Patient.identifier:versichertennummer_pkv">
      <path value="Patient.identifier" />
      <sliceName value="versichertennummer_pkv" />
      <max value="1" />
      <type>
        <code value="Identifier" />
        <profile value="http://fhir.de/StructureDefinition/identifier-pkv|0.9.12" />
      </type>
    </element>
    <element id="Patient.identifier:versichertennummer_pkv.assigner.identifier.type.coding">
      <path value="Patient.identifier.assigner.identifier.type.coding" />
      <slicing>
        <discriminator>
          <type value="value" />
          <path value="system" />
        </discriminator>
        <rules value="open" />
      </slicing>
      <min value="1" />
    </element>
    <element id="Patient.identifier:reisepassnummer">
      <path value="Patient.identifier" />
      <sliceName value="reisepassnummer" />
    </element>
    <element id="Patient.identifier:reisepassnummer.type">
      <path value="Patient.identifier.type" />
      <min value="1" />
    </element>
    <element id="Patient.identifier:reisepassnummer.type.coding">
      <path value="Patient.identifier.type.coding" />
      <min value="1" />
    </element>
    <element id="Patient.identifier:reisepassnummer.type.coding.system">
      <path value="Patient.identifier.type.coding.system" />
      <min value="1" />
      <fixedUri value="http://terminology.hl7.org/CodeSystem/v2-0203" />
    </element>
    <element id="Patient.identifier:reisepassnummer.type.coding.code">
      <path value="Patient.identifier.type.coding.code" />
      <min value="1" />
      <fixedCode value="PPN" />
    </element>
    <element id="Patient.identifier:reisepassnummer.value">
      <path value="Patient.identifier.value" />
      <min value="1" />
    </element>
    <element id="Patient.identifier:versichertennummer_kvk">
      <path value="Patient.identifier" />
      <sliceName value="versichertennummer_kvk" />
      <max value="1" />
    </element>
    <element id="Patient.identifier:versichertennummer_kvk.type">
      <path value="Patient.identifier.type" />
      <min value="1" />
    </element>
    <element id="Patient.identifier:versichertennummer_kvk.type.coding">
      <path value="Patient.identifier.type.coding" />
      <min value="1" />
    </element>
    <element id="Patient.identifier:versichertennummer_kvk.type.coding.system">
      <path value="Patient.identifier.type.coding.system" />
      <min value="1" />
      <fixedUri value="https://fhir.kbv.de/CodeSystem/KBV_CS_Base_identifier_type" />
    </element>
    <element id="Patient.identifier:versichertennummer_kvk.type.coding.code">
      <path value="Patient.identifier.type.coding.code" />
      <label value="SKT" />
      <min value="1" />
      <fixedCode value="kvk" />
    </element>
    <element id="Patient.identifier:versichertennummer_kvk.system">
      <path value="Patient.identifier.system" />
      <min value="1" />
      <fixedUri value="http://fhir.de/NamingSystem/gkv/kvk-versichertennummer" />
    </element>
    <element id="Patient.identifier:versichertennummer_kvk.value">
      <path value="Patient.identifier.value" />
      <min value="1" />
    </element>
    <element id="Patient.name">
      <path value="Patient.name" />
      <slicing>
        <discriminator>
          <type value="value" />
          <path value="use" />
        </discriminator>
        <rules value="open" />
      </slicing>
      <min value="1" />
    </element>
    <element id="Patient.name:name">
      <path value="Patient.name" />
      <sliceName value="name" />
      <max value="1" />
      <type>
        <code value="HumanName" />
        <profile value="http://fhir.de/StructureDefinition/humanname-de-basis|0.9.12" />
      </type>
    </element>
    <element id="Patient.name:name.use">
      <path value="Patient.name.use" />
      <min value="1" />
      <fixedCode value="official" />
    </element>
    <element id="Patient.name:name.family">
      <path value="Patient.name.family" />
      <min value="1" />
    </element>
    <element id="Patient.name:name.family.extension">
      <path value="Patient.name.family.extension" />
      <slicing>
        <discriminator>
          <type value="value" />
          <path value="url" />
        </discriminator>
        <rules value="open" />
      </slicing>
    </element>
    <element id="Patient.name:name.family.extension:namenszusatz">
      <path value="Patient.name.family.extension" />
      <sliceName value="namenszusatz" />
    </element>
    <element id="Patient.name:name.family.extension:namenszusatz.value[x]">
      <path value="Patient.name.family.extension.value[x]" />
      <maxLength value="20" />
    </element>
    <element id="Patient.name:name.family.extension:nachname">
      <path value="Patient.name.family.extension" />
      <sliceName value="nachname" />
    </element>
    <element id="Patient.name:name.family.extension:nachname.value[x]">
      <path value="Patient.name.family.extension.value[x]" />
      <slicing>
        <discriminator>
          <type value="type" />
          <path value="$this" />
        </discriminator>
        <rules value="open" />
      </slicing>
    </element>
    <element id="Patient.name:name.family.extension:nachname.value[x]:valueString">
      <path value="Patient.name.family.extension.value[x]" />
      <sliceName value="valueString" />
      <maxLength value="45" />
    </element>
    <element id="Patient.name:name.family.extension:vorsatzwort">
      <path value="Patient.name.family.extension" />
      <sliceName value="vorsatzwort" />
    </element>
    <element id="Patient.name:name.family.extension:vorsatzwort.value[x]">
      <path value="Patient.name.family.extension.value[x]" />
      <slicing>
        <discriminator>
          <type value="type" />
          <path value="$this" />
        </discriminator>
        <rules value="open" />
      </slicing>
    </element>
    <element id="Patient.name:name.family.extension:vorsatzwort.value[x]:valueString">
      <path value="Patient.name.family.extension.value[x]" />
      <sliceName value="valueString" />
      <maxLength value="20" />
    </element>
    <element id="Patient.name:name.given">
      <path value="Patient.name.given" />
      <min value="1" />
      <max value="1" />
      <maxLength value="45" />
    </element>
    <element id="Patient.name:name.prefix">
      <path value="Patient.name.prefix" />
      <max value="1" />
      <maxLength value="20" />
    </element>
    <element id="Patient.name:name.prefix.extension">
      <path value="Patient.name.prefix.extension" />
      <slicing>
        <discriminator>
          <type value="value" />
          <path value="url" />
        </discriminator>
        <rules value="open" />
      </slicing>
    </element>
    <element id="Patient.name:name.prefix.extension:prefix-qualifier">
      <path value="Patient.name.prefix.extension" />
      <sliceName value="prefix-qualifier" />
      <min value="1" />
      <max value="1" />
    </element>
    <element id="Patient.name:name.prefix.extension:prefix-qualifier.value[x]">
      <path value="Patient.name.prefix.extension.value[x]" />
      <slicing>
        <discriminator>
          <type value="type" />
          <path value="$this" />
        </discriminator>
        <rules value="open" />
      </slicing>
    </element>
    <element id="Patient.name:name.prefix.extension:prefix-qualifier.value[x]:valueCode">
      <path value="Patient.name.prefix.extension.value[x]" />
      <sliceName value="valueCode" />
      <fixedCode value="AC" />
    </element>
    <element id="Patient.name:name.suffix">
      <path value="Patient.name.suffix" />
      <max value="1" />
    </element>
    <element id="Patient.name:geburtsname">
      <path value="Patient.name" />
      <sliceName value="geburtsname" />
      <max value="1" />
      <type>
        <code value="HumanName" />
        <profile value="http://fhir.de/StructureDefinition/humanname-de-basis|0.9.12" />
      </type>
    </element>
    <element id="Patient.name:geburtsname.use">
      <path value="Patient.name.use" />
      <min value="1" />
      <fixedCode value="maiden" />
    </element>
    <element id="Patient.name:geburtsname.family">
      <path value="Patient.name.family" />
      <min value="1" />
    </element>
    <element id="Patient.name:geburtsname.family.extension">
      <path value="Patient.name.family.extension" />
      <slicing>
        <discriminator>
          <type value="value" />
          <path value="url" />
        </discriminator>
        <rules value="open" />
      </slicing>
    </element>
    <element id="Patient.name:geburtsname.family.extension:namenszusatz">
      <path value="Patient.name.family.extension" />
      <sliceName value="namenszusatz" />
    </element>
    <element id="Patient.name:geburtsname.family.extension:namenszusatz.value[x]">
      <path value="Patient.name.family.extension.value[x]" />
      <maxLength value="20" />
    </element>
    <element id="Patient.name:geburtsname.family.extension:nachname">
      <path value="Patient.name.family.extension" />
      <sliceName value="nachname" />
    </element>
    <element id="Patient.name:geburtsname.family.extension:nachname.value[x]">
      <path value="Patient.name.family.extension.value[x]" />
      <slicing>
        <discriminator>
          <type value="type" />
          <path value="$this" />
        </discriminator>
        <rules value="open" />
      </slicing>
    </element>
    <element id="Patient.name:geburtsname.family.extension:nachname.value[x]:valueString">
      <path value="Patient.name.family.extension.value[x]" />
      <sliceName value="valueString" />
      <maxLength value="45" />
    </element>
    <element id="Patient.name:geburtsname.family.extension:vorsatzwort">
      <path value="Patient.name.family.extension" />
      <sliceName value="vorsatzwort" />
    </element>
    <element id="Patient.name:geburtsname.family.extension:vorsatzwort.value[x]">
      <path value="Patient.name.family.extension.value[x]" />
      <slicing>
        <discriminator>
          <type value="type" />
          <path value="$this" />
        </discriminator>
        <rules value="open" />
      </slicing>
    </element>
    <element id="Patient.name:geburtsname.family.extension:vorsatzwort.value[x]:valueString">
      <path value="Patient.name.family.extension.value[x]" />
      <sliceName value="valueString" />
      <maxLength value="20" />
    </element>
    <element id="Patient.name:geburtsname.given">
      <path value="Patient.name.given" />
      <max value="0" />
    </element>
    <element id="Patient.name:geburtsname.prefix">
      <path value="Patient.name.prefix" />
      <max value="0" />
    </element>
    <element id="Patient.name:geburtsname.suffix">
      <path value="Patient.name.suffix" />
      <max value="1" />
    </element>
    <element id="Patient.telecom.system">
      <path value="Patient.telecom.system" />
      <min value="1" />
    </element>
    <element id="Patient.telecom.value">
      <path value="Patient.telecom.value" />
      <min value="1" />
    </element>
    <element id="Patient.gender">
      <path value="Patient.gender" />
      <comment value="Für die meisten Patientenprofile ist das Geschlecht zwingend anzugeben. Da es beim Zaeb, Impfpass und eAu nicht auftaucht, muss die Kardinalizäz bei 0..1 verbleiben. Hier muss noch die Extension &quot;gender_amtlich_de hinzugefügt werden" />
    </element>
    <element id="Patient.gender.extension">
      <path value="Patient.gender.extension" />
      <slicing>
        <discriminator>
          <type value="value" />
          <path value="url" />
        </discriminator>
        <rules value="open" />
      </slicing>
    </element>
    <element id="Patient.gender.extension:other-amtlich">
      <path value="Patient.gender.extension" />
      <sliceName value="other-amtlich" />
      <max value="1" />
      <type>
        <code value="Extension" />
        <profile value="http://fhir.de/StructureDefinition/gender-amtlich-de|0.9.12" />
      </type>
    </element>
    <element id="Patient.birthDate">
      <path value="Patient.birthDate" />
      <min value="1" />
    </element>
    <element id="Patient.birthDate.extension">
      <path value="Patient.birthDate.extension" />
      <slicing>
        <discriminator>
          <type value="value" />
          <path value="url" />
        </discriminator>
        <rules value="open" />
      </slicing>
    </element>
    <element id="Patient.birthDate.extension:data-absent-reason">
      <path value="Patient.birthDate.extension" />
      <sliceName value="data-absent-reason" />
      <type>
        <code value="Extension" />
        <profile value="http://hl7.org/fhir/StructureDefinition/data-absent-reason" />
      </type>
    </element>
    <element id="Patient.birthDate.extension:data-absent-reason.value[x]">
      <path value="Patient.birthDate.extension.value[x]" />
      <slicing>
        <discriminator>
          <type value="type" />
          <path value="$this" />
        </discriminator>
        <rules value="open" />
      </slicing>
    </element>
    <element id="Patient.birthDate.extension:data-absent-reason.value[x]:valueCode">
      <path value="Patient.birthDate.extension.value[x]" />
      <sliceName value="valueCode" />
      <fixedCode value="unknown" />
    </element>
    <element id="Patient.address">
      <path value="Patient.address" />
      <slicing>
        <discriminator>
          <type value="value" />
          <path value="type" />
        </discriminator>
        <rules value="open" />
      </slicing>
    </element>
    <element id="Patient.address:Strassenanschrift">
      <path value="Patient.address" />
      <sliceName value="Strassenanschrift" />
      <type>
        <code value="Address" />
        <profile value="http://fhir.de/StructureDefinition/address-de-basis|0.9.12" />
      </type>
    </element>
    <element id="Patient.address:Strassenanschrift.extension">
      <path value="Patient.address.extension" />
      <slicing>
        <discriminator>
          <type value="value" />
          <path value="url" />
        </discriminator>
        <rules value="open" />
      </slicing>
    </element>
    <element id="Patient.address:Strassenanschrift.extension:Stadtteil">
      <path value="Patient.address.extension" />
      <sliceName value="Stadtteil" />
      <short value="In diesem Element soll der Stadt- oder Ortsteil meistens eines Stadtstaates dokumentiert werden." />
    </element>
    <element id="Patient.address:Strassenanschrift.type">
      <path value="Patient.address.type" />
      <min value="1" />
      <fixedCode value="both" />
    </element>
    <element id="Patient.address:Strassenanschrift.line">
      <path value="Patient.address.line" />
      <max value="2" />
    </element>
    <element id="Patient.address:Strassenanschrift.line.extension">
      <path value="Patient.address.line.extension" />
      <slicing>
        <discriminator>
          <type value="value" />
          <path value="url" />
        </discriminator>
        <rules value="open" />
      </slicing>
    </element>
    <element id="Patient.address:Strassenanschrift.line.extension:Strasse">
      <path value="Patient.address.line.extension" />
      <sliceName value="Strasse" />
    </element>
    <element id="Patient.address:Strassenanschrift.line.extension:Strasse.value[x]">
      <path value="Patient.address.line.extension.value[x]" />
      <slicing>
        <discriminator>
          <type value="type" />
          <path value="$this" />
        </discriminator>
        <rules value="open" />
      </slicing>
      <maxLength value="46" />
    </element>
    <element id="Patient.address:Strassenanschrift.line.extension:Strasse.value[x]:valueString">
      <path value="Patient.address.line.extension.value[x]" />
      <sliceName value="valueString" />
      <maxLength value="46" />
    </element>
    <element id="Patient.address:Strassenanschrift.line.extension:Hausnummer">
      <path value="Patient.address.line.extension" />
      <sliceName value="Hausnummer" />
    </element>
    <element id="Patient.address:Strassenanschrift.line.extension:Hausnummer.value[x]">
      <path value="Patient.address.line.extension.value[x]" />
      <slicing>
        <discriminator>
          <type value="type" />
          <path value="$this" />
        </discriminator>
        <rules value="open" />
      </slicing>
      <maxLength value="9" />
    </element>
    <element id="Patient.address:Strassenanschrift.line.extension:Hausnummer.value[x]:valueString">
      <path value="Patient.address.line.extension.value[x]" />
      <sliceName value="valueString" />
      <maxLength value="9" />
    </element>
    <element id="Patient.address:Strassenanschrift.line.extension:Adresszusatz">
      <path value="Patient.address.line.extension" />
      <sliceName value="Adresszusatz" />
    </element>
    <element id="Patient.address:Strassenanschrift.line.extension:Adresszusatz.value[x]">
      <path value="Patient.address.line.extension.value[x]" />
      <slicing>
        <discriminator>
          <type value="type" />
          <path value="$this" />
        </discriminator>
        <rules value="open" />
      </slicing>
    </element>
    <element id="Patient.address:Strassenanschrift.line.extension:Adresszusatz.value[x]:valueString">
      <path value="Patient.address.line.extension.value[x]" />
      <sliceName value="valueString" />
      <maxLength value="40" />
    </element>
    <element id="Patient.address:Strassenanschrift.line.extension:Postfach">
      <path value="Patient.address.line.extension" />
      <sliceName value="Postfach" />
      <max value="0" />
    </element>
    <element id="Patient.address:Strassenanschrift.city">
      <path value="Patient.address.city" />
      <maxLength value="40" />
    </element>
    <element id="Patient.address:Strassenanschrift.postalCode">
      <path value="Patient.address.postalCode" />
      <maxLength value="10" />
    </element>
    <element id="Patient.address:Strassenanschrift.country">
      <path value="Patient.address.country" />
      <definition value="Staat gemäß dem ValueSet https://fhir.kbv.de/ValueSet/KBV_VS_BASE_GemRS_Anlage_8" />
      <comment value="Staat gemäß dem ValueSet https://fhir.kbv.de/ValueSet/KBV_VS_BASE_GemRS_Anlage_8" />
      <maxLength value="3" />
      <binding>
        <strength value="extensible" />
        <valueSet value="https://fhir.kbv.de/ValueSet/KBV_VS_BASE_GemRS_Anlage_8" />
      </binding>
    </element>
    <element id="Patient.address:Postfach">
      <path value="Patient.address" />
      <sliceName value="Postfach" />
      <max value="1" />
      <type>
        <code value="Address" />
        <profile value="http://fhir.de/StructureDefinition/address-de-basis|0.9.12" />
      </type>
    </element>
    <element id="Patient.address:Postfach.extension">
      <path value="Patient.address.extension" />
      <slicing>
        <discriminator>
          <type value="value" />
          <path value="url" />
        </discriminator>
        <rules value="open" />
      </slicing>
    </element>
    <element id="Patient.address:Postfach.extension:Stadtteil">
      <path value="Patient.address.extension" />
      <sliceName value="Stadtteil" />
      <short value="In diesem Element soll der Stadt- oder Ortsteil meistens eines Stadtstaates dokumentiert werden." />
    </element>
    <element id="Patient.address:Postfach.type">
      <path value="Patient.address.type" />
      <min value="1" />
      <fixedCode value="postal" />
    </element>
    <element id="Patient.address:Postfach.line">
      <path value="Patient.address.line" />
      <max value="2" />
    </element>
    <element id="Patient.address:Postfach.line.extension">
      <path value="Patient.address.line.extension" />
      <slicing>
        <discriminator>
          <type value="value" />
          <path value="url" />
        </discriminator>
        <rules value="open" />
      </slicing>
    </element>
    <element id="Patient.address:Postfach.line.extension:Strasse">
      <path value="Patient.address.line.extension" />
      <sliceName value="Strasse" />
      <max value="0" />
    </element>
    <element id="Patient.address:Postfach.line.extension:Hausnummer">
      <path value="Patient.address.line.extension" />
      <sliceName value="Hausnummer" />
      <max value="0" />
    </element>
    <element id="Patient.address:Postfach.line.extension:Adresszusatz">
      <path value="Patient.address.line.extension" />
      <sliceName value="Adresszusatz" />
      <max value="0" />
    </element>
    <element id="Patient.address:Postfach.line.extension:Postfach">
      <path value="Patient.address.line.extension" />
      <sliceName value="Postfach" />
      <min value="1" />
    </element>
    <element id="Patient.address:Postfach.line.extension:Postfach.value[x]">
      <path value="Patient.address.line.extension.value[x]" />
      <slicing>
        <discriminator>
          <type value="type" />
          <path value="$this" />
        </discriminator>
        <rules value="open" />
      </slicing>
    </element>
    <element id="Patient.address:Postfach.line.extension:Postfach.value[x]:valueString">
      <path value="Patient.address.line.extension.value[x]" />
      <sliceName value="valueString" />
      <maxLength value="8" />
    </element>
    <element id="Patient.address:Postfach.city">
      <path value="Patient.address.city" />
      <maxLength value="40" />
    </element>
    <element id="Patient.address:Postfach.postalCode">
      <path value="Patient.address.postalCode" />
      <maxLength value="10" />
    </element>
    <element id="Patient.address:Postfach.country">
      <path value="Patient.address.country" />
      <definition value="Staat gemäß dem ValueSet https://fhir.kbv.de/ValueSet/KBV_VS_BASE_GemRS_Anlage_8" />
      <comment value="Staat gemäß dem ValueSet https://fhir.kbv.de/ValueSet/KBV_VS_BASE_GemRS_Anlage_8" />
      <maxLength value="3" />
      <binding>
        <strength value="extensible" />
        <valueSet value="https://fhir.kbv.de/ValueSet/KBV_VS_BASE_GemRS_Anlage_8" />
      </binding>
    </element>
    <element id="Patient.contact.address.country">
      <path value="Patient.contact.address.country" />
      <short value="Staat" />
      <definition value="Staat gemäß dem ValueSet https://fhir.kbv.de/ValueSet/KBV_VS_BASE_GemRS_Anlage_8" />
      <comment value="Staat gemäß dem ValueSet https://fhir.kbv.de/ValueSet/KBV_VS_BASE_GemRS_Anlage_8" />
      <binding>
        <strength value="extensible" />
        <valueSet value="https://fhir.kbv.de/ValueSet/KBV_VS_BASE_GemRS_Anlage_8" />
      </binding>
    </element>
  </differential>
</StructureDefinition>