<ValueSet xmlns="http://hl7.org/fhir">
  <url value="https://fhir.kbv.de/ValueSet/KBV_VS_Base_Body_Height_Snomed" />
  <version value="1.1.1" />
  <name value="KBV_VS_Base_Body_Height_Snomed" />
  <title value="Koerpergroesse" />
  <status value="active" />
  <experimental value="false" />
  <publisher value="Kassenärztliche Bundesvereinigung (KBV)" />
  <description value="Körpergröße/ Körperlänge" />
  <immutable value="false" />
  <copyright value="This artefact includes content from SNOMED Clinical Terms® (SNOMED CT®) which is copyright of the International Health Terminology Standards Development Organisation (IHTSDO). Implementers of these artefacts must have the appropriate SNOMED CT Affiliate license - for more information contact http://www.snomed.org/snomed-ct/getsnomed-ct or info@snomed.org." />
  <compose>
    <include>
      <system value="http://snomed.info/sct" />
      <version value="http://snomed.info/sct/900000000000207008/version/20200731" />
      <filter>
        <property value="concept" />
        <op value="is-a" />
        <value value="248334005" />
      </filter>
    </include>
    <include>
      <system value="http://snomed.info/sct" />
      <version value="http://snomed.info/sct/900000000000207008/version/20200731" />
      <concept>
        <code value="169886007" />
        <display value="Birth length (observable entity)" />
      </concept>
    </include>
  </compose>
</ValueSet>