<ValueSet xmlns="http://hl7.org/fhir">
  <url value="https://fhir.kbv.de/ValueSet/KBV_VS_Base_Body_Height_Loinc" />
  <version value="1.1.1" />
  <name value="KBV_VS_Base_Body_Height_Loinc" />
  <title value="Koerpergroesse" />
  <status value="active" />
  <experimental value="false" />
  <publisher value="Kassenärztliche Bundesvereinigung (KBV)" />
  <description value="Körpergröße/ Körperlänge" />
  <immutable value="false" />
  <compose>
    <include>
      <system value="http://loinc.org" />
      <version value="2.68" />
      <concept>
        <code value="8302-2" />
        <display value="Body height" />
      </concept>
      <concept>
        <code value="89269-5" />
        <display value="Body height Measured --at birth" />
      </concept>
    </include>
  </compose>
</ValueSet>