<ValueSet xmlns="http://hl7.org/fhir">
  <url value="https://fhir.kbv.de/ValueSet/KBV_VS_Base_Practitioner_Speciality" />
  <version value="1.1.1" />
  <name value="KBV_VS_Base_Practitioner_Speciality" />
  <title value="Rolle des Behandelnden" />
  <status value="active" />
  <experimental value="false" />
  <publisher value="Kassenärztliche Bundesvereinigung (KBV)" />
  <description value="Dieses Valueset enthält die Codes zur Beschreibung der Funktionen/Rollen des Behandelnden" />
  <immutable value="false" />
  <copyright value="This artefact includes content from SNOMED Clinical Terms® (SNOMED CT®) which is copyright of the International Health Terminology Standards Development Organisation (IHTSDO). Implementers of these artefacts must have the appropriate SNOMED CT Affiliate license - for more information contact http://www.snomed.org/snomed-ct/getsnomed-ct or info@snomed.org." />
  <compose>
    <include>
      <valueSet value="https://fhir.kbv.de/ValueSet/KBV_VS_Base_IHEXDS_AuthorSpeciality_Restricted" />
    </include>
    <include>
      <valueSet value="https://fhir.kbv.de/ValueSet/KBV_VS_Base_Practitioner_Speciality_Addendum" />
    </include>
  </compose>
</ValueSet>