<ValueSet xmlns="http://hl7.org/fhir">
  <url value="https://fhir.kbv.de/ValueSet/KBV_VS_Base_Apgar_Score_Identifier_Snomed" />
  <version value="1.1.1" />
  <name value="KBV_VS_Base_Apgar_Score_Identifier_Snomed" />
  <status value="active" />
  <experimental value="false" />
  <description value="Apgar Score am Zeitpunkt" />
  <immutable value="false" />
  <copyright value="This artefact includes content from SNOMED Clinical Terms® (SNOMED CT®) which is copyright of the International Health Terminology Standards Development Organisation (IHTSDO). Implementers of these artefacts must have the appropriate SNOMED CT Affiliate license - for more information contact http://www.snomed.org/snomed-ct/getsnomed-ct or info@snomed.org." />
  <compose>
    <include>
      <system value="http://snomed.info/sct" />
      <version value="http://snomed.info/sct/900000000000207008/version/20200731" />
      <concept>
        <code value="169922007" />
        <display value="Apgar score at 10 minutes (observable entity)" />
      </concept>
      <concept>
        <code value="169909004" />
        <display value="Apgar score at 5 minutes (observable entity)" />
      </concept>
    </include>
  </compose>
</ValueSet>