<ValueSet xmlns="http://hl7.org/fhir">
  <url value="https://fhir.kbv.de/ValueSet/KBV_VS_Base_Body_Weight_Method_Snomed" />
  <version value="1.1.1" />
  <name value="KBV_VS_Base_Body_Weight_Method_Snomed" />
  <title value="Koerpergroesse" />
  <status value="active" />
  <experimental value="false" />
  <publisher value="Kassenärztliche Bundesvereinigung (KBV)" />
  <description value="Datenerhebung" />
  <immutable value="false" />
  <copyright value="This artefact includes content from SNOMED Clinical Terms® (SNOMED CT®) which is copyright of the International Health Terminology Standards Development Organisation (IHTSDO). Implementers of these artefacts must have the appropriate SNOMED CT Affiliate license - for more information contact http://www.snomed.org/snomed-ct/getsnomed-ct or info@snomed.org." />
  <compose>
    <include>
      <system value="http://snomed.info/sct" />
      <version value="http://snomed.info/sct/900000000000207008/version/20200731" />
      <concept>
        <code value="363808001" />
        <display value="Measured body weight (observable entity)" />
      </concept>
      <concept>
        <code value="786458005" />
        <display value="Self reported usual body weight (observable entity)" />
      </concept>
    </include>
  </compose>
</ValueSet>