<ValueSet xmlns="http://hl7.org/fhir">
  <url value="https://fhir.kbv.de/ValueSet/KBV_VS_BASE_GemRS_Anlage_8" />
  <version value="1.1.1" />
  <name value="KBV_VS_BASE_GemRS_Anlage_8" />
  <status value="active" />
  <date value="2020-04-22" />
  <publisher value="Kassenärztliche Bundesvereinigung" />
  <contact>
    <telecom>
      <system value="other" />
      <value value="http://www.kbv.de" />
    </telecom>
  </contact>
  <description value="Länderkennzeichen nach DEÜV" />
  <compose>
    <include>
      <system value="http://fhir.de/CodeSystem/deuev/anlage-8-laenderkennzeichen" />
    </include>
  </compose>
</ValueSet>