<ValueSet xmlns="http://hl7.org/fhir">
  <url value="https://fhir.kbv.de/ValueSet/KBV_VS_Base_Apgar_Score_Value" />
  <version value="1.1.1" />
  <name value="KBV_VS_Base_Apgar_Score_Value" />
  <title value="Apgar-Score Wert" />
  <status value="active" />
  <experimental value="false" />
  <description value="Apgar-Score Wert" />
  <immutable value="false" />
  <copyright value="This artefact includes content from SNOMED Clinical Terms® (SNOMED CT®) which is copyright of the International Health Terminology Standards Development Organisation (IHTSDO). Implementers of these artefacts must have the appropriate SNOMED CT Affiliate license - for more information contact http://www.snomed.org/snomed-ct/getsnomed-ct or info@snomed.org." />
  <compose>
    <include>
      <system value="http://snomed.info/sct" />
      <version value="http://snomed.info/sct/900000000000207008/version/20200309" />
      <concept>
        <code value="77714001" />
        <display value="Apgar score 0 (finding)" />
      </concept>
      <concept>
        <code value="43610007" />
        <display value="Apgar score 1 (finding)" />
      </concept>
      <concept>
        <code value="39910003" />
        <display value="Apgar score 2 (finding)" />
      </concept>
      <concept>
        <code value="26635001" />
        <display value="Apgar score 3 (finding)" />
      </concept>
      <concept>
        <code value="38107004" />
        <display value="Apgar score 4 (finding)" />
      </concept>
      <concept>
        <code value="24388001" />
        <display value="Apgar score 5 (finding)" />
      </concept>
      <concept>
        <code value="10318004" />
        <display value="Apgar score 6 (finding)" />
      </concept>
      <concept>
        <code value="13323003" />
        <display value="Apgar score 7 (finding)" />
      </concept>
      <concept>
        <code value="12431004" />
        <display value="Apgar score 8 (finding)" />
      </concept>
      <concept>
        <code value="64198003" />
        <display value="Apgar score 9 (finding)" />
      </concept>
      <concept>
        <code value="49544001" />
        <display value="Apgar score 10 (finding)" />
      </concept>
    </include>
  </compose>
</ValueSet>