<StructureDefinition xmlns="http://hl7.org/fhir">
	<url value="https://fhir.kbv.de/StructureDefinition/KBV_PR_MIO_ZAEB_Composition" />
	<version value="1.1.0" />
	<name value="KBV_PR_MIO_ZAEB_Composition" />
	<title value="KBV_PR_MIO_ZAEB_Composition" />
	<status value="active" />
	<publisher value="Kassenärztliche Bundesvereinigung (KBV)" />
	<copyright value="Im folgenden Profil können Codes aus den Codesystemen Snomed, Loinc oder Ucum enthalten sein, die dem folgenden Urheberrecht unterliegen: This material includes SNOMED Clinical Terms® (SNOMED CT®) which is used by permission of SNOMED International. All rights reserved. SNOMED CT®, was originally created by The College of American Pathologists. SNOMED and SNOMED CT are registered trademarks of SNOMED International. Implementers of these artefacts must have the appropriate SNOMED CT Affiliate license. This material contains content from LOINC (http://loinc.org). LOINC is copyright © 1995-2020, Regenstrief Institute, Inc. and the Logical Observation Identifiers Names and Codes (LOINC) Committee and is available at no cost under the license at http://loinc.org/license. LOINC® is a registered United States trademark of Regenstrief Institute, Inc. This product includes all or a portion of the UCUM table, UCUM codes, and UCUM definitions or is derived from it, subject to a license from Regenstrief Institute, Inc. and The UCUM Organization. Your use of the UCUM table, UCUM codes, UCUM definitions also is subject to this license, a copy of which is available at ​http://unitsofmeasure.org. The current complete UCUM table, UCUM Specification are available for download at ​http://unitsofmeasure.org. The UCUM table and UCUM codes are copyright © 1995-2009, Regenstrief Institute, Inc. and the Unified Codes for Units of Measures (UCUM) Organization. All rights reserved. THE UCUM TABLE (IN ALL FORMATS), UCUM DEFINITIONS, AND SPECIFICATION ARE PROVIDED &quot;AS IS.&quot; ANY EXPRESS OR IMPLIED WARRANTIES ARE DISCLAIMED, INCLUDING, BUT NOT LIMITED TO, THE IMPLIED WARRANTIES OF MERCHANTABILITY AND FITNESS FOR A PARTICULAR PURPOSE." />
	<fhirVersion value="4.0.1" />
	<mapping>
		<identity value="workflow" />
		<uri value="http://hl7.org/fhir/workflow" />
		<name value="Workflow Pattern" />
	</mapping>
	<mapping>
		<identity value="rim" />
		<uri value="http://hl7.org/v3" />
		<name value="RIM Mapping" />
	</mapping>
	<mapping>
		<identity value="cda" />
		<uri value="http://hl7.org/v3/cda" />
		<name value="CDA (R2)" />
	</mapping>
	<mapping>
		<identity value="fhirdocumentreference" />
		<uri value="http://hl7.org/fhir/documentreference" />
		<name value="FHIR DocumentReference" />
	</mapping>
	<mapping>
		<identity value="w5" />
		<uri value="http://hl7.org/fhir/fivews" />
		<name value="FiveWs Pattern Mapping" />
	</mapping>
	<kind value="resource" />
	<abstract value="false" />
	<type value="Composition" />
	<baseDefinition value="http://hl7.org/fhir/StructureDefinition/Composition" />
	<derivation value="constraint" />
	<differential>
		<element id="Composition">
			<path value="Composition" />
			<definition value="Dieses Profil dient als Übersichtsdokument. Durch Referenzierung sämtlicher Profile, die für den Upload eines Eintrages relevant sind, stellt es eine Art Inhaltsverzeichnis des Dokuments dar. Die zu dem Dokument Zahnärztliches Bonusheft passenden Inhalte sind dort auf oberster Ebene beschrieben." />
		</element>
		<element id="Composition.meta">
			<path value="Composition.meta" />
			<min value="1" />
		</element>
		<element id="Composition.meta.versionId">
			<path value="Composition.meta.versionId" />
			<max value="0" />
		</element>
		<element id="Composition.meta.lastUpdated">
			<path value="Composition.meta.lastUpdated" />
			<max value="0" />
		</element>
		<element id="Composition.meta.source">
			<path value="Composition.meta.source" />
			<max value="0" />
		</element>
		<element id="Composition.meta.profile">
			<path value="Composition.meta.profile" />
			<min value="1" />
			<max value="1" />
			<fixedCanonical value="https://fhir.kbv.de/StructureDefinition/KBV_PR_MIO_ZAEB_Composition|1.1.0" />
		</element>
		<element id="Composition.meta.security">
			<path value="Composition.meta.security" />
			<max value="0" />
		</element>
		<element id="Composition.meta.tag">
			<path value="Composition.meta.tag" />
			<max value="0" />
		</element>
		<element id="Composition.implicitRules">
			<path value="Composition.implicitRules" />
			<max value="0" />
		</element>
		<element id="Composition.language">
			<path value="Composition.language" />
			<max value="0" />
		</element>
		<element id="Composition.text">
			<path value="Composition.text" />
			<definition value="In diesem Element können die, in der Instanz, enthaltenen Informationen in einer menschenlesbaren Form zusammengefasst werden. Dabei ist zu beachten, dass keine Informationen aufgenommen werden dürfen, die nicht in strukturierter Form an anderer Stelle in der Instanz enthalten sind." />
		</element>
		<element id="Composition.contained">
			<path value="Composition.contained" />
			<max value="0" />
		</element>
		<element id="Composition.identifier">
			<path value="Composition.identifier" />
			<max value="0" />
		</element>
		<element id="Composition.status">
			<path value="Composition.status" />
			<fixedCode value="final" />
		</element>
		<element id="Composition.type">
			<path value="Composition.type" />
			<mustSupport value="true" />
		</element>
		<element id="Composition.type.coding">
			<path value="Composition.type.coding" />
			<min value="1" />
			<max value="1" />
			<mustSupport value="true" />
		</element>
		<element id="Composition.type.coding.system">
			<path value="Composition.type.coding.system" />
			<min value="1" />
			<fixedUri value="http://snomed.info/sct" />
		</element>
		<element id="Composition.type.coding.version">
			<path value="Composition.type.coding.version" />
			<min value="1" />
			<fixedString value="http://snomed.info/sct/900000000000207008/version/20210131" />
		</element>
		<element id="Composition.type.coding.code">
			<path value="Composition.type.coding.code" />
			<min value="1" />
			<fixedCode value="371525003" />
		</element>
		<element id="Composition.type.coding.display">
			<path value="Composition.type.coding.display" />
			<min value="1" />
			<fixedString value="Clinical procedure report (record artifact)" />
		</element>
		<element id="Composition.type.text">
			<path value="Composition.type.text" />
			<max value="0" />
		</element>
		<element id="Composition.category">
			<path value="Composition.category" />
			<max value="0" />
		</element>
		<element id="Composition.subject">
			<path value="Composition.subject" />
			<min value="1" />
			<type>
				<code value="Reference" />
				<targetProfile value="https://fhir.kbv.de/StructureDefinition/KBV_PR_MIO_ZAEB_Patient|1.1.0" />
			</type>
			<mustSupport value="true" />
		</element>
		<element id="Composition.subject.reference">
			<path value="Composition.subject.reference" />
			<min value="1" />
			<mustSupport value="true" />
		</element>
		<element id="Composition.subject.type">
			<path value="Composition.subject.type" />
			<max value="0" />
		</element>
		<element id="Composition.subject.identifier">
			<path value="Composition.subject.identifier" />
			<max value="0" />
		</element>
		<element id="Composition.subject.display">
			<path value="Composition.subject.display" />
			<max value="0" />
		</element>
		<element id="Composition.encounter">
			<path value="Composition.encounter" />
			<max value="0" />
		</element>
		<element id="Composition.date">
			<path value="Composition.date" />
			<mustSupport value="true" />
		</element>
		<element id="Composition.author">
			<path value="Composition.author" />
			<max value="1" />
			<type>
				<code value="Reference" />
				<targetProfile value="https://fhir.kbv.de/StructureDefinition/KBV_PR_MIO_ZAEB_Organization|1.1.0" />
			</type>
			<mustSupport value="true" />
		</element>
		<element id="Composition.author.reference">
			<path value="Composition.author.reference" />
			<min value="1" />
			<mustSupport value="true" />
		</element>
		<element id="Composition.author.type">
			<path value="Composition.author.type" />
			<max value="0" />
		</element>
		<element id="Composition.author.identifier">
			<path value="Composition.author.identifier" />
			<max value="0" />
		</element>
		<element id="Composition.author.display">
			<path value="Composition.author.display" />
			<max value="0" />
		</element>
		<element id="Composition.title">
			<path value="Composition.title" />
			<fixedString value="Bonushefteintrag" />
			<mustSupport value="true" />
		</element>
		<element id="Composition.confidentiality">
			<path value="Composition.confidentiality" />
			<max value="0" />
		</element>
		<element id="Composition.attester">
			<path value="Composition.attester" />
			<max value="0" />
		</element>
		<element id="Composition.custodian">
			<path value="Composition.custodian" />
			<max value="0" />
		</element>
		<element id="Composition.relatesTo">
			<path value="Composition.relatesTo" />
			<max value="0" />
		</element>
		<element id="Composition.event">
			<path value="Composition.event" />
			<max value="0" />
		</element>
		<element id="Composition.section">
			<path value="Composition.section" />
			<min value="1" />
			<max value="1" />
			<mustSupport value="true" />
		</element>
		<element id="Composition.section.title">
			<path value="Composition.section.title" />
			<max value="0" />
		</element>
		<element id="Composition.section.code">
			<path value="Composition.section.code" />
			<max value="0" />
		</element>
		<element id="Composition.section.author">
			<path value="Composition.section.author" />
			<max value="0" />
		</element>
		<element id="Composition.section.focus">
			<path value="Composition.section.focus" />
			<max value="0" />
		</element>
		<element id="Composition.section.text">
			<path value="Composition.section.text" />
			<max value="0" />
		</element>
		<element id="Composition.section.mode">
			<path value="Composition.section.mode" />
			<max value="0" />
		</element>
		<element id="Composition.section.orderedBy">
			<path value="Composition.section.orderedBy" />
			<max value="0" />
		</element>
		<element id="Composition.section.entry">
			<path value="Composition.section.entry" />
			<min value="1" />
			<max value="2" />
			<type>
				<code value="Reference" />
				<targetProfile value="https://fhir.kbv.de/StructureDefinition/KBV_PR_MIO_ZAEB_Observation_Dental_Check_Up|1.1.0" />
				<targetProfile value="https://fhir.kbv.de/StructureDefinition/KBV_PR_MIO_ZAEB_Observation_Gapless_Documentation|1.1.0" />
			</type>
			<mustSupport value="true" />
		</element>
		<element id="Composition.section.entry.reference">
			<path value="Composition.section.entry.reference" />
			<min value="1" />
			<mustSupport value="true" />
		</element>
		<element id="Composition.section.entry.type">
			<path value="Composition.section.entry.type" />
			<max value="0" />
		</element>
		<element id="Composition.section.entry.identifier">
			<path value="Composition.section.entry.identifier" />
			<max value="0" />
		</element>
		<element id="Composition.section.entry.display">
			<path value="Composition.section.entry.display" />
			<max value="0" />
		</element>
		<element id="Composition.section.emptyReason">
			<path value="Composition.section.emptyReason" />
			<max value="0" />
		</element>
		<element id="Composition.section.section">
			<path value="Composition.section.section" />
			<max value="0" />
		</element>
	</differential>
</StructureDefinition>