<StructureDefinition xmlns="http://hl7.org/fhir">
	<url value="https://fhir.kbv.de/StructureDefinition/KBV_PR_MIO_ZAEB_Patient" />
	<version value="1.1.0" />
	<name value="KBV_PR_MIO_ZAEB_Patient" />
	<title value="KBV_PR_MIO_ZAEB_Patient" />
	<status value="active" />
	<publisher value="Kassenärztliche Bundesvereinigung (KBV)" />
	<fhirVersion value="4.0.1" />
	<mapping>
		<identity value="rim" />
		<uri value="http://hl7.org/v3" />
		<name value="RIM Mapping" />
	</mapping>
	<mapping>
		<identity value="cda" />
		<uri value="http://hl7.org/v3/cda" />
		<name value="CDA (R2)" />
	</mapping>
	<mapping>
		<identity value="w5" />
		<uri value="http://hl7.org/fhir/fivews" />
		<name value="FiveWs Pattern Mapping" />
	</mapping>
	<mapping>
		<identity value="v2" />
		<uri value="http://hl7.org/v2" />
		<name value="HL7 v2 Mapping" />
	</mapping>
	<mapping>
		<identity value="loinc" />
		<uri value="http://loinc.org" />
		<name value="LOINC code for the element" />
	</mapping>
	<kind value="resource" />
	<abstract value="false" />
	<type value="Patient" />
	<baseDefinition value="https://fhir.kbv.de/StructureDefinition/KBV_PR_Base_Patient|1.1.3" />
	<derivation value="constraint" />
	<differential>
		<element id="Patient">
			<path value="Patient" />
			<short value="PatientIn" />
			<definition value="In diesem Profil können Daten zur behandelten/untersuchten Person eingetragen werden. Dies umfasst Personen, die gesetzlich krankenversichert sind." />
		</element>
		<element id="Patient.meta">
			<path value="Patient.meta" />
			<min value="1" />
		</element>
		<element id="Patient.meta.versionId">
			<path value="Patient.meta.versionId" />
			<max value="0" />
		</element>
		<element id="Patient.meta.lastUpdated">
			<path value="Patient.meta.lastUpdated" />
			<max value="0" />
		</element>
		<element id="Patient.meta.source">
			<path value="Patient.meta.source" />
			<max value="0" />
		</element>
		<element id="Patient.meta.profile">
			<path value="Patient.meta.profile" />
			<min value="1" />
			<max value="1" />
			<fixedCanonical value="https://fhir.kbv.de/StructureDefinition/KBV_PR_MIO_ZAEB_Patient|1.1.0" />
		</element>
		<element id="Patient.meta.security">
			<path value="Patient.meta.security" />
			<max value="0" />
		</element>
		<element id="Patient.meta.tag">
			<path value="Patient.meta.tag" />
			<max value="0" />
		</element>
		<element id="Patient.implicitRules">
			<path value="Patient.implicitRules" />
			<max value="0" />
		</element>
		<element id="Patient.language">
			<path value="Patient.language" />
			<max value="0" />
		</element>
		<element id="Patient.text">
			<path value="Patient.text" />
			<definition value="In diesem Element können die, in der Instanz, enthaltenen Informationen in einer menschenlesbaren Form zusammengefasst werden. Dabei ist zu beachten, dass keine Informationen aufgenommen werden dürfen, die nicht in strukturierter Form an anderer Stelle in der Instanz enthalten sind." />
		</element>
		<element id="Patient.contained">
			<path value="Patient.contained" />
			<max value="0" />
		</element>
		<element id="Patient.identifier">
			<path value="Patient.identifier" />
			<min value="1" />
			<mustSupport value="true" />
		</element>
		<element id="Patient.identifier:pid">
			<path value="Patient.identifier" />
			<sliceName value="pid" />
			<max value="1" />
			<mustSupport value="true" />
		</element>
		<element id="Patient.identifier:pid.type">
			<path value="Patient.identifier.type" />
			<mustSupport value="true" />
		</element>
		<element id="Patient.identifier:pid.type.coding">
			<path value="Patient.identifier.type.coding" />
			<mustSupport value="true" />
		</element>
		<element id="Patient.identifier:pid.period">
			<path value="Patient.identifier.period" />
			<max value="0" />
		</element>
		<element id="Patient.identifier:pid.assigner">
			<path value="Patient.identifier.assigner" />
			<max value="0" />
		</element>
		<element id="Patient.identifier:versichertenId_GKV">
			<path value="Patient.identifier" />
			<sliceName value="versichertenId_GKV" />
			<mustSupport value="true" />
		</element>
		<element id="Patient.identifier:versichertenId_GKV.type">
			<path value="Patient.identifier.type" />
			<mustSupport value="true" />
		</element>
		<element id="Patient.identifier:versichertenId_GKV.type.coding">
			<path value="Patient.identifier.type.coding" />
			<mustSupport value="true" />
		</element>
		<element id="Patient.identifier:versichertenId_GKV.period">
			<path value="Patient.identifier.period" />
			<max value="0" />
		</element>
		<element id="Patient.identifier:versichertenId_GKV.assigner">
			<path value="Patient.identifier.assigner" />
			<max value="0" />
		</element>
		<element id="Patient.identifier:versichertennummer_pkv">
			<path value="Patient.identifier" />
			<sliceName value="versichertennummer_pkv" />
			<max value="0" />
		</element>
		<element id="Patient.identifier:reisepassnummer">
			<path value="Patient.identifier" />
			<sliceName value="reisepassnummer" />
			<max value="0" />
		</element>
		<element id="Patient.identifier:versichertennummer_kvk">
			<path value="Patient.identifier" />
			<sliceName value="versichertennummer_kvk" />
			<max value="0" />
		</element>
		<element id="Patient.active">
			<path value="Patient.active" />
			<max value="0" />
		</element>
		<element id="Patient.name">
			<path value="Patient.name" />
			<slicing>
				<discriminator>
					<type value="value" />
					<path value="use" />
				</discriminator>
				<rules value="closed" />
			</slicing>
			<max value="1" />
			<mustSupport value="true" />
		</element>
		<element id="Patient.name:name">
			<path value="Patient.name" />
			<sliceName value="name" />
			<min value="1" />
			<mustSupport value="true" />
		</element>
		<element id="Patient.name:name.text">
			<path value="Patient.name.text" />
			<mustSupport value="true" />
		</element>
		<element id="Patient.name:name.family">
			<path value="Patient.name.family" />
			<mustSupport value="true" />
		</element>
		<element id="Patient.name:name.family.extension">
			<path value="Patient.name.family.extension" />
			<slicing>
				<discriminator>
					<type value="value" />
					<path value="url" />
				</discriminator>
				<rules value="open" />
			</slicing>
		</element>
		<element id="Patient.name:name.family.extension:namenszusatz">
			<path value="Patient.name.family.extension" />
			<sliceName value="namenszusatz" />
			<mustSupport value="true" />
		</element>
		<element id="Patient.name:name.family.extension:namenszusatz.value[x]">
			<path value="Patient.name.family.extension.value[x]" />
			<mustSupport value="true" />
		</element>
		<element id="Patient.name:name.family.extension:namenszusatz.value[x]:valueString">
			<path value="Patient.name.family.extension.value[x]" />
			<sliceName value="valueString" />
			<mustSupport value="true" />
		</element>
		<element id="Patient.name:name.family.extension:nachname">
			<path value="Patient.name.family.extension" />
			<sliceName value="nachname" />
			<min value="1" />
			<mustSupport value="true" />
		</element>
		<element id="Patient.name:name.family.extension:nachname.value[x]">
			<path value="Patient.name.family.extension.value[x]" />
			<mustSupport value="true" />
		</element>
		<element id="Patient.name:name.family.extension:nachname.value[x]:valueString">
			<path value="Patient.name.family.extension.value[x]" />
			<sliceName value="valueString" />
			<mustSupport value="true" />
		</element>
		<element id="Patient.name:name.family.extension:vorsatzwort">
			<path value="Patient.name.family.extension" />
			<sliceName value="vorsatzwort" />
			<mustSupport value="true" />
		</element>
		<element id="Patient.name:name.family.extension:vorsatzwort.value[x]">
			<path value="Patient.name.family.extension.value[x]" />
			<mustSupport value="true" />
		</element>
		<element id="Patient.name:name.family.extension:vorsatzwort.value[x]:valueString">
			<path value="Patient.name.family.extension.value[x]" />
			<sliceName value="valueString" />
			<mustSupport value="true" />
		</element>
		<element id="Patient.name:name.given">
			<path value="Patient.name.given" />
			<mustSupport value="true" />
		</element>
		<element id="Patient.name:name.prefix">
			<path value="Patient.name.prefix" />
			<mustSupport value="true" />
		</element>
		<element id="Patient.name:name.prefix.extension">
			<path value="Patient.name.prefix.extension" />
			<slicing>
				<discriminator>
					<type value="value" />
					<path value="url" />
				</discriminator>
				<rules value="open" />
			</slicing>
		</element>
		<element id="Patient.name:name.prefix.extension:prefix-qualifier">
			<path value="Patient.name.prefix.extension" />
			<sliceName value="prefix-qualifier" />
			<mustSupport value="true" />
		</element>
		<element id="Patient.name:name.prefix.extension:prefix-qualifier.value[x]">
			<path value="Patient.name.prefix.extension.value[x]" />
			<mustSupport value="true" />
		</element>
		<element id="Patient.name:name.prefix.extension:prefix-qualifier.value[x]:valueCode">
			<path value="Patient.name.prefix.extension.value[x]" />
			<sliceName value="valueCode" />
			<mustSupport value="true" />
		</element>
		<element id="Patient.name:name.suffix">
			<path value="Patient.name.suffix" />
			<max value="0" />
		</element>
		<element id="Patient.name:name.period">
			<path value="Patient.name.period" />
			<max value="0" />
		</element>
		<element id="Patient.name:geburtsname">
			<path value="Patient.name" />
			<sliceName value="geburtsname" />
			<max value="0" />
		</element>
		<element id="Patient.telecom">
			<path value="Patient.telecom" />
			<max value="0" />
		</element>
		<element id="Patient.gender">
			<path value="Patient.gender" />
			<max value="0" />
		</element>
		<element id="Patient.birthDate">
			<path value="Patient.birthDate" />
			<mustSupport value="true" />
		</element>
		<element id="Patient.birthDate.extension">
			<path value="Patient.birthDate.extension" />
			<slicing>
				<discriminator>
					<type value="value" />
					<path value="url" />
				</discriminator>
				<rules value="open" />
			</slicing>
		</element>
		<element id="Patient.birthDate.extension:data-absent-reason">
			<path value="Patient.birthDate.extension" />
			<sliceName value="data-absent-reason" />
			<mustSupport value="true" />
		</element>
		<element id="Patient.birthDate.extension:data-absent-reason.value[x]">
			<path value="Patient.birthDate.extension.value[x]" />
			<mustSupport value="true" />
		</element>
		<element id="Patient.birthDate.extension:data-absent-reason.value[x]:valueCode">
			<path value="Patient.birthDate.extension.value[x]" />
			<sliceName value="valueCode" />
			<mustSupport value="true" />
		</element>
		<element id="Patient.deceased[x]">
			<path value="Patient.deceased[x]" />
			<max value="0" />
		</element>
		<element id="Patient.address">
			<path value="Patient.address" />
			<min value="1" />
			<max value="1" />
			<mustSupport value="true" />
		</element>
		<element id="Patient.address:Strassenanschrift">
			<path value="Patient.address" />
			<sliceName value="Strassenanschrift" />
			<min value="1" />
			<max value="1" />
			<mustSupport value="true" />
		</element>
		<element id="Patient.address:Strassenanschrift.extension">
			<path value="Patient.address.extension" />
			<slicing>
				<discriminator>
					<type value="value" />
					<path value="url" />
				</discriminator>
				<rules value="open" />
			</slicing>
		</element>
		<element id="Patient.address:Strassenanschrift.extension:Stadtteil">
			<path value="Patient.address.extension" />
			<sliceName value="Stadtteil" />
			<mustSupport value="true" />
		</element>
		<element id="Patient.address:Strassenanschrift.extension:Stadtteil.value[x]">
			<path value="Patient.address.extension.value[x]" />
			<mustSupport value="true" />
		</element>
		<element id="Patient.address:Strassenanschrift.text">
			<path value="Patient.address.text" />
			<max value="0" />
		</element>
		<element id="Patient.address:Strassenanschrift.line">
			<path value="Patient.address.line" />
			<mustSupport value="true" />
		</element>
		<element id="Patient.address:Strassenanschrift.line.extension">
			<path value="Patient.address.line.extension" />
			<slicing>
				<discriminator>
					<type value="value" />
					<path value="url" />
				</discriminator>
				<rules value="open" />
			</slicing>
		</element>
		<element id="Patient.address:Strassenanschrift.line.extension:Strasse">
			<path value="Patient.address.line.extension" />
			<sliceName value="Strasse" />
			<mustSupport value="true" />
		</element>
		<element id="Patient.address:Strassenanschrift.line.extension:Strasse.value[x]">
			<path value="Patient.address.line.extension.value[x]" />
			<mustSupport value="true" />
		</element>
		<element id="Patient.address:Strassenanschrift.line.extension:Strasse.value[x]:valueString">
			<path value="Patient.address.line.extension.value[x]" />
			<sliceName value="valueString" />
			<mustSupport value="true" />
		</element>
		<element id="Patient.address:Strassenanschrift.line.extension:Hausnummer">
			<path value="Patient.address.line.extension" />
			<sliceName value="Hausnummer" />
			<mustSupport value="true" />
		</element>
		<element id="Patient.address:Strassenanschrift.line.extension:Hausnummer.value[x]">
			<path value="Patient.address.line.extension.value[x]" />
			<mustSupport value="true" />
		</element>
		<element id="Patient.address:Strassenanschrift.line.extension:Hausnummer.value[x]:valueString">
			<path value="Patient.address.line.extension.value[x]" />
			<sliceName value="valueString" />
			<mustSupport value="true" />
		</element>
		<element id="Patient.address:Strassenanschrift.line.extension:Adresszusatz">
			<path value="Patient.address.line.extension" />
			<sliceName value="Adresszusatz" />
			<mustSupport value="true" />
		</element>
		<element id="Patient.address:Strassenanschrift.line.extension:Adresszusatz.value[x]">
			<path value="Patient.address.line.extension.value[x]" />
			<mustSupport value="true" />
		</element>
		<element id="Patient.address:Strassenanschrift.line.extension:Adresszusatz.value[x]:valueString">
			<path value="Patient.address.line.extension.value[x]" />
			<sliceName value="valueString" />
			<mustSupport value="true" />
		</element>
		<element id="Patient.address:Strassenanschrift.city">
			<path value="Patient.address.city" />
			<min value="1" />
			<mustSupport value="true" />
		</element>
		<element id="Patient.address:Strassenanschrift.state">
			<path value="Patient.address.state" />
			<max value="0" />
		</element>
		<element id="Patient.address:Strassenanschrift.postalCode">
			<path value="Patient.address.postalCode" />
			<mustSupport value="true" />
		</element>
		<element id="Patient.address:Strassenanschrift.country">
			<path value="Patient.address.country" />
			<min value="1" />
			<mustSupport value="true" />
		</element>
		<element id="Patient.address:Strassenanschrift.period">
			<path value="Patient.address.period" />
			<max value="0" />
		</element>
		<element id="Patient.address:Postfach">
			<path value="Patient.address" />
			<sliceName value="Postfach" />
			<max value="0" />
		</element>
		<element id="Patient.maritalStatus">
			<path value="Patient.maritalStatus" />
			<max value="0" />
		</element>
		<element id="Patient.multipleBirth[x]">
			<path value="Patient.multipleBirth[x]" />
			<max value="0" />
		</element>
		<element id="Patient.photo">
			<path value="Patient.photo" />
			<max value="0" />
		</element>
		<element id="Patient.contact">
			<path value="Patient.contact" />
			<max value="0" />
		</element>
		<element id="Patient.communication">
			<path value="Patient.communication" />
			<max value="0" />
		</element>
		<element id="Patient.generalPractitioner">
			<path value="Patient.generalPractitioner" />
			<max value="0" />
		</element>
		<element id="Patient.managingOrganization">
			<path value="Patient.managingOrganization" />
			<max value="0" />
		</element>
		<element id="Patient.link">
			<path value="Patient.link" />
			<max value="0" />
		</element>
	</differential>
</StructureDefinition>