<StructureDefinition xmlns="http://hl7.org/fhir">
	<url value="https://fhir.kbv.de/StructureDefinition/KBV_PR_MIO_ZAEB_Bundle" />
	<version value="1.1.0" />
	<name value="KBV_PR_MIO_ZAEB_Bundle" />
	<title value="KBV_PR_MIO_ZAEB_Bundle" />
	<status value="active" />
	<publisher value="Kassenärztliche Bundesvereinigung (KBV)" />
	<copyright value="Im folgenden Profil können Codes aus den Codesystemen Snomed, Loinc oder Ucum enthalten sein, die dem folgenden Urheberrecht unterliegen: This material includes SNOMED Clinical Terms® (SNOMED CT®) which is used by permission of SNOMED International. All rights reserved. SNOMED CT®, was originally created by The College of American Pathologists. SNOMED and SNOMED CT are registered trademarks of SNOMED International. Implementers of these artefacts must have the appropriate SNOMED CT Affiliate license. This material contains content from LOINC (http://loinc.org). LOINC is copyright © 1995-2020, Regenstrief Institute, Inc. and the Logical Observation Identifiers Names and Codes (LOINC) Committee and is available at no cost under the license at http://loinc.org/license. LOINC® is a registered United States trademark of Regenstrief Institute, Inc. This product includes all or a portion of the UCUM table, UCUM codes, and UCUM definitions or is derived from it, subject to a license from Regenstrief Institute, Inc. and The UCUM Organization. Your use of the UCUM table, UCUM codes, UCUM definitions also is subject to this license, a copy of which is available at ​http://unitsofmeasure.org. The current complete UCUM table, UCUM Specification are available for download at ​http://unitsofmeasure.org. The UCUM table and UCUM codes are copyright © 1995-2009, Regenstrief Institute, Inc. and the Unified Codes for Units of Measures (UCUM) Organization. All rights reserved. THE UCUM TABLE (IN ALL FORMATS), UCUM DEFINITIONS, AND SPECIFICATION ARE PROVIDED &quot;AS IS.&quot; ANY EXPRESS OR IMPLIED WARRANTIES ARE DISCLAIMED, INCLUDING, BUT NOT LIMITED TO, THE IMPLIED WARRANTIES OF MERCHANTABILITY AND FITNESS FOR A PARTICULAR PURPOSE." />
	<fhirVersion value="4.0.1" />
	<mapping>
		<identity value="v2" />
		<uri value="http://hl7.org/v2" />
		<name value="HL7 v2 Mapping" />
	</mapping>
	<mapping>
		<identity value="rim" />
		<uri value="http://hl7.org/v3" />
		<name value="RIM Mapping" />
	</mapping>
	<mapping>
		<identity value="cda" />
		<uri value="http://hl7.org/v3/cda" />
		<name value="CDA (R2)" />
	</mapping>
	<mapping>
		<identity value="w5" />
		<uri value="http://hl7.org/fhir/fivews" />
		<name value="FiveWs Pattern Mapping" />
	</mapping>
	<kind value="resource" />
	<abstract value="false" />
	<type value="Bundle" />
	<baseDefinition value="http://hl7.org/fhir/StructureDefinition/Bundle" />
	<derivation value="constraint" />
	<differential>
		<element id="Bundle">
			<path value="Bundle" />
			<definition value="Dieses Profil dient als bündelndes Element. Das Bundle kann als Klammer-Ressource verstanden werden, die die notwendigen Ressourcen zusammenfügt. Diese Ressource und die Integrierten können dann mit einer Signatur versehen werden.&#xD;&#xA;&#xD;&#xA;Das Bundle umfasst in dieser Anwendung einen Bonushefteintrag." />
			<constraint>
				<key value="TypeComposition" />
				<severity value="error" />
				<human value="Es muss genau eine Composition enthalten sein" />
				<expression value="entry.where(resource.meta.profile='https://fhir.kbv.de/StructureDefinition/KBV_PR_MIO_ZAEB_Composition|1.1.0').count()=1" />
				<source value="https://fhir.kbv.de/StructureDefinition/KBV_PR_MIO_ZAEB_Bundle" />
			</constraint>
			<constraint>
				<key value="OneComposition" />
				<severity value="error" />
				<human value="Es darf genau eine Composition geben" />
				<expression value="entry.where(resource as Composition).count()=1" />
				<source value="https://fhir.kbv.de/StructureDefinition/KBV_PR_MIO_ZAEB_Bundle" />
			</constraint>
			<constraint>
				<key value="OneObservation" />
				<severity value="error" />
				<human value="Es darf maximal eine Observation_Dental_Check_Up geben" />
				<expression value="entry.where(resource.meta.profile='https://fhir.kbv.de/StructureDefinition/KBV_PR_MIO_ZAEB_Observation_Dental_Check_Up|1.1.0').count()=1 or entry.where(resource.meta.profile='https://fhir.kbv.de/StructureDefinition/KBV_PR_MIO_ZAEB_Observation_Dental_Check_Up|1.1.0').count()=0" />
				<source value="https://fhir.kbv.de/StructureDefinition/KBV_PR_MIO_ZAEB_Bundle" />
			</constraint>
			<constraint>
				<key value="OneGaplessDocumentation" />
				<severity value="error" />
				<human value="Es darf maximal eine Observation_Gapless_Documentation geben" />
				<expression value="entry.where(resource.meta.profile='https://fhir.kbv.de/StructureDefinition/KBV_PR_MIO_ZAEB_Observation_Gapless_Documentation|1.1.0').count()=1 or entry.where(resource.meta.profile='https://fhir.kbv.de/StructureDefinition/KBV_PR_MIO_ZAEB_Observation_Gapless_Documentation|1.1.0').count()=0" />
				<source value="https://fhir.kbv.de/StructureDefinition/KBV_PR_MIO_ZAEB_Bundle" />
			</constraint>
		</element>
		<element id="Bundle.meta">
			<path value="Bundle.meta" />
			<min value="1" />
		</element>
		<element id="Bundle.meta.versionId">
			<path value="Bundle.meta.versionId" />
			<max value="0" />
		</element>
		<element id="Bundle.meta.lastUpdated">
			<path value="Bundle.meta.lastUpdated" />
			<max value="0" />
		</element>
		<element id="Bundle.meta.source">
			<path value="Bundle.meta.source" />
			<max value="0" />
		</element>
		<element id="Bundle.meta.profile">
			<path value="Bundle.meta.profile" />
			<min value="1" />
			<max value="1" />
			<fixedCanonical value="https://fhir.kbv.de/StructureDefinition/KBV_PR_MIO_ZAEB_Bundle|1.1.0" />
		</element>
		<element id="Bundle.meta.security">
			<path value="Bundle.meta.security" />
			<max value="0" />
		</element>
		<element id="Bundle.meta.tag">
			<path value="Bundle.meta.tag" />
			<max value="0" />
		</element>
		<element id="Bundle.implicitRules">
			<path value="Bundle.implicitRules" />
			<max value="0" />
		</element>
		<element id="Bundle.language">
			<path value="Bundle.language" />
			<max value="0" />
		</element>
		<element id="Bundle.identifier">
			<path value="Bundle.identifier" />
			<min value="1" />
			<mustSupport value="true" />
		</element>
		<element id="Bundle.identifier.use">
			<path value="Bundle.identifier.use" />
			<max value="0" />
		</element>
		<element id="Bundle.identifier.type">
			<path value="Bundle.identifier.type" />
			<max value="0" />
		</element>
		<element id="Bundle.identifier.system">
			<path value="Bundle.identifier.system" />
			<min value="1" />
			<fixedUri value="urn:ietf:rfc:3986" />
			<mustSupport value="true" />
		</element>
		<element id="Bundle.identifier.value">
			<path value="Bundle.identifier.value" />
			<min value="1" />
			<mustSupport value="true" />
		</element>
		<element id="Bundle.identifier.period">
			<path value="Bundle.identifier.period" />
			<max value="0" />
		</element>
		<element id="Bundle.identifier.assigner">
			<path value="Bundle.identifier.assigner" />
			<max value="0" />
		</element>
		<element id="Bundle.type">
			<path value="Bundle.type" />
			<fixedCode value="document" />
			<mustSupport value="true" />
		</element>
		<element id="Bundle.timestamp">
			<path value="Bundle.timestamp" />
			<min value="1" />
		</element>
		<element id="Bundle.total">
			<path value="Bundle.total" />
			<max value="0" />
		</element>
		<element id="Bundle.link">
			<path value="Bundle.link" />
			<max value="0" />
		</element>
		<element id="Bundle.entry">
			<path value="Bundle.entry" />
			<min value="4" />
			<max value="5" />
			<mustSupport value="true" />
		</element>
		<element id="Bundle.entry.link">
			<path value="Bundle.entry.link" />
			<max value="0" />
		</element>
		<element id="Bundle.entry.fullUrl">
			<path value="Bundle.entry.fullUrl" />
			<min value="1" />
			<mustSupport value="true" />
		</element>
		<element id="Bundle.entry.resource">
			<path value="Bundle.entry.resource" />
			<min value="1" />
			<mustSupport value="true" />
		</element>
		<element id="Bundle.entry.search">
			<path value="Bundle.entry.search" />
			<max value="0" />
		</element>
		<element id="Bundle.entry.request">
			<path value="Bundle.entry.request" />
			<max value="0" />
		</element>
		<element id="Bundle.entry.response">
			<path value="Bundle.entry.response" />
			<max value="0" />
		</element>
		<element id="Bundle.signature">
			<path value="Bundle.signature" />
			<max value="0" />
		</element>
		<element id="Bundle.signature.who.type">
			<path value="Bundle.signature.who.type" />
			<max value="0" />
		</element>
		<element id="Bundle.signature.who.identifier">
			<path value="Bundle.signature.who.identifier" />
			<max value="0" />
		</element>
		<element id="Bundle.signature.who.display">
			<path value="Bundle.signature.who.display" />
			<max value="0" />
		</element>
	</differential>
</StructureDefinition>