<StructureDefinition xmlns="http://hl7.org/fhir">
  <url value="https://fhir.kbv.de/StructureDefinition/KBV_EX_MIO_Vaccination_Attester" />
  <version value="1.1.0" />
  <name value="KBV_EX_MIO_Vaccination_Attester" />
  <status value="active" />
  <publisher value="Kassenärztliche Bundesvereinigung (KBV)" />
  <copyright value="Copyright © [2020], Kassenärztliche Bundesvereinigung (KBV). All rights reserved." />
  <fhirVersion value="4.0.1" />
  <mapping>
    <identity value="rim" />
    <uri value="http://hl7.org/v3" />
    <name value="RIM Mapping" />
  </mapping>
  <kind value="complex-type" />
  <abstract value="false" />
  <context>
    <type value="element" />
    <expression value="Immunization" />
  </context>
  <type value="Extension" />
  <baseDefinition value="http://hl7.org/fhir/StructureDefinition/Extension" />
  <derivation value="constraint" />
  <differential>
    <element id="Extension">
      <path value="Extension" />
      <short value="Attester" />
      <definition value="In diesem Profil soll die Möglichkeit geschaffen werden, eine attestierende (Verantwortliche Person) an eine Ressource (Immunization) anzuhängen." />
    </element>
    <element id="Extension.extension">
      <path value="Extension.extension" />
      <slicing>
        <discriminator>
          <type value="value" />
          <path value="url" />
        </discriminator>
        <rules value="open" />
      </slicing>
    </element>
    <element id="Extension.extension:mode">
      <path value="Extension.extension" />
      <sliceName value="mode" />
      <min value="1" />
      <max value="1" />
    </element>
    <element id="Extension.extension:mode.url">
      <path value="Extension.extension.url" />
      <fixedUri value="mode" />
    </element>
    <element id="Extension.extension:mode.value[x]">
      <extension url="http://hl7.org/fhir/StructureDefinition/structuredefinition-standards-status">
        <valueCode value="normative" />
      </extension>
      <extension url="http://hl7.org/fhir/StructureDefinition/structuredefinition-normative-version">
        <valueCode value="4.0.0" />
      </extension>
      <path value="Extension.extension.value[x]" />
      <slicing>
        <discriminator>
          <type value="type" />
          <path value="$this" />
        </discriminator>
        <rules value="open" />
      </slicing>
      <min value="1" />
      <type>
        <code value="CodeableConcept" />
      </type>
    </element>
    <element id="Extension.extension:mode.value[x]:valueCodeableConcept">
      <extension url="http://hl7.org/fhir/StructureDefinition/structuredefinition-standards-status">
        <valueCode value="normative" />
      </extension>
      <extension url="http://hl7.org/fhir/StructureDefinition/structuredefinition-normative-version">
        <valueCode value="4.0.0" />
      </extension>
      <path value="Extension.extension.value[x]" />
      <sliceName value="valueCodeableConcept" />
      <type>
        <code value="CodeableConcept" />
      </type>
    </element>
    <element id="Extension.extension:mode.value[x]:valueCodeableConcept.coding">
      <path value="Extension.extension.value[x].coding" />
      <min value="1" />
      <max value="1" />
    </element>
    <element id="Extension.extension:mode.value[x]:valueCodeableConcept.coding.system">
      <extension url="http://hl7.org/fhir/StructureDefinition/structuredefinition-standards-status">
        <valueCode value="normative" />
      </extension>
      <extension url="http://hl7.org/fhir/StructureDefinition/structuredefinition-normative-version">
        <valueCode value="4.0.0" />
      </extension>
      <path value="Extension.extension.value[x].coding.system" />
      <min value="1" />
      <fixedUri value="http://hl7.org/fhir/composition-attestation-mode" />
    </element>
    <element id="Extension.extension:mode.value[x]:valueCodeableConcept.coding.code">
      <extension url="http://hl7.org/fhir/StructureDefinition/structuredefinition-standards-status">
        <valueCode value="normative" />
      </extension>
      <extension url="http://hl7.org/fhir/StructureDefinition/structuredefinition-normative-version">
        <valueCode value="4.0.0" />
      </extension>
      <path value="Extension.extension.value[x].coding.code" />
      <min value="1" />
      <fixedCode value="legal" />
    </element>
    <element id="Extension.extension:mode.value[x]:valueCodeableConcept.coding.userSelected">
      <extension url="http://hl7.org/fhir/StructureDefinition/structuredefinition-standards-status">
        <valueCode value="normative" />
      </extension>
      <extension url="http://hl7.org/fhir/StructureDefinition/structuredefinition-normative-version">
        <valueCode value="4.0.0" />
      </extension>
      <path value="Extension.extension.value[x].coding.userSelected" />
      <max value="0" />
    </element>
    <element id="Extension.extension:mode.value[x]:valueCodeableConcept.text">
      <extension url="http://hl7.org/fhir/StructureDefinition/structuredefinition-standards-status">
        <valueCode value="normative" />
      </extension>
      <extension url="http://hl7.org/fhir/StructureDefinition/structuredefinition-normative-version">
        <valueCode value="4.0.0" />
      </extension>
      <path value="Extension.extension.value[x].text" />
      <max value="0" />
    </element>
    <element id="Extension.extension:party">
      <path value="Extension.extension" />
      <sliceName value="party" />
      <min value="1" />
      <max value="1" />
    </element>
    <element id="Extension.extension:party.url">
      <path value="Extension.extension.url" />
      <fixedUri value="party" />
    </element>
    <element id="Extension.extension:party.value[x]">
      <extension url="http://hl7.org/fhir/StructureDefinition/structuredefinition-standards-status">
        <valueCode value="normative" />
      </extension>
      <extension url="http://hl7.org/fhir/StructureDefinition/structuredefinition-normative-version">
        <valueCode value="4.0.0" />
      </extension>
      <path value="Extension.extension.value[x]" />
      <slicing>
        <discriminator>
          <type value="type" />
          <path value="$this" />
        </discriminator>
        <rules value="open" />
      </slicing>
      <min value="1" />
      <type>
        <code value="Reference" />
      </type>
    </element>
    <element id="Extension.extension:party.value[x]:valueReference">
      <path value="Extension.extension.value[x]" />
      <sliceName value="valueReference" />
      <min value="1" />
      <type>
        <code value="Reference" />
        <targetProfile value="https://fhir.kbv.de/StructureDefinition/KBV_PR_MIO_Vaccination_Practitionerrole|1.1.0" />
      </type>
    </element>
    <element id="Extension.extension:party.value[x]:valueReference.reference">
      <path value="Extension.extension.value[x].reference" />
      <min value="1" />
    </element>
    <element id="Extension.extension:party.value[x]:valueReference.type">
      <path value="Extension.extension.value[x].type" />
      <max value="0" />
    </element>
    <element id="Extension.extension:party.value[x]:valueReference.identifier">
      <path value="Extension.extension.value[x].identifier" />
      <max value="0" />
    </element>
    <element id="Extension.extension:party.value[x]:valueReference.display">
      <path value="Extension.extension.value[x].display" />
      <max value="0" />
    </element>
    <element id="Extension.url">
      <path value="Extension.url" />
      <fixedUri value="https://fhir.kbv.de/StructureDefinition/KBV_EX_MIO_Vaccination_Attester" />
    </element>
    <element id="Extension.value[x]">
      <extension url="http://hl7.org/fhir/StructureDefinition/structuredefinition-standards-status">
        <valueCode value="normative" />
      </extension>
      <extension url="http://hl7.org/fhir/StructureDefinition/structuredefinition-normative-version">
        <valueCode value="4.0.0" />
      </extension>
      <path value="Extension.value[x]" />
      <max value="0" />
    </element>
  </differential>
</StructureDefinition>