<StructureDefinition xmlns="http://hl7.org/fhir">
	<url value="https://fhir.kbv.de/StructureDefinition/KBV_EX_MIO_ZAEB_Disclaimer" />
	<version value="1.1.0" />
	<name value="KBV_EX_MIO_ZAEB_Disclaimer" />
	<title value="KBV_EX_MIO_ZAEB_Disclaimer" />
	<status value="active" />
	<publisher value="Kassenärztliche Bundesvereinigung (KBV)" />
	<fhirVersion value="4.0.1" />
	<mapping>
		<identity value="rim" />
		<uri value="http://hl7.org/v3" />
		<name value="RIM Mapping" />
	</mapping>
	<kind value="complex-type" />
	<abstract value="false" />
	<context>
		<type value="element" />
		<expression value="Observation" />
	</context>
	<type value="Extension" />
	<baseDefinition value="http://hl7.org/fhir/StructureDefinition/Extension" />
	<derivation value="constraint" />
	<differential>
		<element id="Extension">
			<path value="Extension" />
			<short value="Haftungsausschluss" />
			<definition value="Mit diesem Profil ist ein Haftungsausschluss definiert worden. Dieser muss an die Gapless_Documentation-Ressource hinzugefügt werden." />
		</element>
		<element id="Extension.url">
			<path value="Extension.url" />
			<fixedUri value="https://fhir.kbv.de/StructureDefinition/KBV_EX_MIO_ZAEB_Disclaimer" />
		</element>
		<element id="Extension.value[x]">
			<path value="Extension.value[x]" />
			<type>
				<code value="string" />
			</type>
			<fixedString value="Die Vertragsparteien sind sich einig, dass der Zahnarzt im Nachhinein für eine falsche Jahresangabe nicht haftbar gemacht werden kann, wenn die Krankenkasse bei der Prüfung eines Heil- und Kostenplanes keinen Bonus oder eine andere Bonusstufe feststellt." />
		</element>
	</differential>
</StructureDefinition>